MobileNO,NearByMobileNo,Day,Month,Year,Hour,Min,Sec
89641065,96767204,1,6,2020,17,15,36
82358904,98292664,20,6,2020,16,38,34
88659920,88673561,12,6,2020,11,37,16
82513299,95510713,7,6,2020,23,10,21
87275425,96434040,3,6,2020,10,28,15
84002054,98988131,25,6,2020,13,21,7
84693045,95546248,9,6,2020,21,38,47
81879877,83784495,9,6,2020,12,53,54
81522949,96980181,28,6,2020,19,30,21
89032684,89396549,16,6,2020,21,35,39
87401429,82905677,10,6,2020,17,14,57
81659929,93167314,1,6,2020,23,36,33
88576527,96887065,11,6,2020,13,56,27
85804088,92383863,14,6,2020,16,33,37
85720570,89789506,19,6,2020,20,47,28
86147694,92166273,20,6,2020,21,22,35
84369209,90028001,27,6,2020,20,19,16
85105002,94353154,22,6,2020,11,43,9
87936258,91100448,25,6,2020,15,14,50
88031508,97548950,15,6,2020,19,34,2
84393772,89102729,21,6,2020,21,36,26
84393772,89102729,2,6,2020,14,0,59
84393772,89102729,7,6,2020,20,43,8
84393772,89102729,24,6,2020,22,56,42
84393772,89102729,5,6,2020,22,29,15
84393772,89102729,3,6,2020,9,30,13
84393772,89102729,13,6,2020,22,30,20
84393772,89102729,10,6,2020,15,58,29
84393772,89102729,5,6,2020,19,17,24
84393772,89102729,26,6,2020,19,42,44
84393772,89102729,6,6,2020,20,39,4
84393772,89102729,22,6,2020,9,41,43
84393772,89102729,3,6,2020,21,17,24
84393772,89102729,21,6,2020,19,5,35
84393772,89102729,8,6,2020,22,20,4
84393772,89102729,18,6,2020,13,43,45
84393772,89102729,18,6,2020,20,29,11
84393772,89102729,11,6,2020,20,28,41
84393772,89102729,18,6,2020,23,14,29
84393772,89102729,4,6,2020,9,51,47
84393772,89102729,1,6,2020,10,15,47
84393772,89102729,15,6,2020,14,50,41
84393772,89102729,1,6,2020,21,7,9
84393772,89102729,12,6,2020,17,42,34
84393772,89102729,1,6,2020,16,29,32
89102729,84393772,21,6,2020,21,36,26
89102729,84393772,2,6,2020,14,0,59
89102729,84393772,7,6,2020,20,43,8
89102729,84393772,24,6,2020,22,56,42
89102729,84393772,5,6,2020,22,29,15
89102729,84393772,3,6,2020,9,30,13
89102729,84393772,13,6,2020,22,30,20
89102729,84393772,10,6,2020,15,58,29
89102729,84393772,5,6,2020,19,17,24
89102729,84393772,26,6,2020,19,42,44
89102729,84393772,6,6,2020,20,39,4
89102729,84393772,22,6,2020,9,41,43
89102729,84393772,3,6,2020,21,17,24
89102729,84393772,21,6,2020,19,5,35
89102729,84393772,8,6,2020,22,20,4
89102729,84393772,18,6,2020,13,43,45
89102729,84393772,18,6,2020,20,29,11
89102729,84393772,11,6,2020,20,28,41
89102729,84393772,18,6,2020,23,14,29
89102729,84393772,4,6,2020,9,51,47
89102729,84393772,1,6,2020,10,15,47
89102729,84393772,15,6,2020,14,50,41
89102729,84393772,1,6,2020,21,7,9
89102729,84393772,12,6,2020,17,42,34
89102729,84393772,1,6,2020,16,29,32
88663180,84393772,21,6,2020,21,36,26
88663180,84393772,2,6,2020,14,0,59
88663180,84393772,7,6,2020,20,43,8
88663180,84393772,24,6,2020,22,56,42
88663180,84393772,5,6,2020,22,29,15
88663180,84393772,3,6,2020,9,30,13
88663180,84393772,13,6,2020,22,30,20
88663180,84393772,10,6,2020,15,58,29
88663180,84393772,5,6,2020,19,17,24
88663180,84393772,26,6,2020,19,42,44
88663180,84393772,6,6,2020,20,39,4
88663180,84393772,22,6,2020,9,41,43
88663180,84393772,3,6,2020,21,17,24
88663180,84393772,21,6,2020,19,5,35
88663180,84393772,8,6,2020,22,20,4
88663180,84393772,18,6,2020,13,43,45
88663180,89102729,21,6,2020,21,36,26
88663180,89102729,2,6,2020,14,0,59
88663180,89102729,7,6,2020,20,43,8
88663180,89102729,24,6,2020,22,56,42
88663180,89102729,5,6,2020,22,29,15
88663180,89102729,3,6,2020,9,30,13
88663180,89102729,13,6,2020,22,30,20
88663180,89102729,10,6,2020,15,58,29
88663180,89102729,5,6,2020,19,17,24
88663180,89102729,26,6,2020,19,42,44
88663180,89102729,6,6,2020,20,39,4
88663180,89102729,22,6,2020,9,41,43
88663180,89102729,3,6,2020,21,17,24
88663180,89102729,21,6,2020,19,5,35
88663180,89102729,8,6,2020,22,20,4
88663180,89102729,18,6,2020,13,43,45
87188603,88663180,24,6,2020,22,3,32
88164070,90093023,3,6,2020,9,26,7
87986883,84041093,18,6,2020,9,10,44
89436715,88570999,6,6,2020,23,42,30
89612468,97895464,22,6,2020,10,4,30
90783725,83357467,4,6,2020,23,18,13
86168741,85438917,10,6,2020,12,25,45
82516577,86158861,8,6,2020,23,13,55
85115120,95689873,18,6,2020,19,26,22
85438917,96569917,11,6,2020,20,50,52
88979419,93895778,6,6,2020,13,44,28
89429379,94575396,18,6,2020,23,48,17
85432242,81475019,12,6,2020,21,42,23
89652779,96676512,18,6,2020,14,0,13
85534540,88448996,8,6,2020,9,19,28
89838247,85438917,27,6,2020,11,44,26
83271986,88311454,19,6,2020,14,55,11
87004772,92841070,18,6,2020,18,36,1
89096301,89212103,12,6,2020,10,54,21
89815226,81575912,2,6,2020,21,27,58
86352795,90437931,17,6,2020,17,42,26
85654683,88663180,26,6,2020,20,14,29
90432614,98972029,23,6,2020,17,30,43
89070733,86585170,1,6,2020,10,23,34
90822489,93371557,2,6,2020,15,49,38
88639154,93878605,14,6,2020,16,55,49
83131862,83378564,16,6,2020,22,12,31
85512370,85579038,19,6,2020,18,15,59
88940894,98640367,26,6,2020,13,7,34
89545063,83897202,28,6,2020,11,51,44
85027994,87048837,18,6,2020,11,1,39
88830287,98818570,7,6,2020,9,16,48
82714314,94102768,26,6,2020,21,41,49
84948146,92021855,14,6,2020,14,39,50
82510406,91628586,6,6,2020,17,37,8
84496669,88663180,12,6,2020,14,9,31
87500627,93666461,21,6,2020,21,36,43
88447046,83918387,1,6,2020,12,38,36
84104783,86492578,1,6,2020,20,41,35
81462564,85438917,10,6,2020,22,4,57
84087905,87478536,25,6,2020,21,50,48
90306868,93024866,7,6,2020,23,32,1
88373646,98551190,10,6,2020,21,11,16
83241720,82873770,5,6,2020,13,51,11
88036404,98731482,15,6,2020,22,57,21
90665932,91007658,18,6,2020,12,38,7
83927318,86422762,1,6,2020,16,17,51
90691576,94811009,2,6,2020,10,1,5
88683283,94864285,1,6,2020,12,55,51
81736153,89494440,11,6,2020,16,37,52
85029409,97699689,10,6,2020,20,7,26
85521019,84347343,1,6,2020,23,58,47
84600915,83810103,1,6,2020,18,58,29
81506329,96482228,3,6,2020,17,2,9
85924370,91471750,6,6,2020,15,48,18
89084415,84588888,16,6,2020,14,26,19
91129089,95117999,16,6,2020,14,4,13
89819473,90342575,17,6,2020,12,42,29
88086885,85076615,27,6,2020,10,18,47
90279026,95197612,8,6,2020,12,37,12
90613628,86302040,1,6,2020,12,23,36
81708588,81814239,5,6,2020,12,46,54
90025149,84161223,17,6,2020,16,31,42
89881773,84602050,25,6,2020,21,46,8
86971894,88663180,28,6,2020,14,5,38
84185579,85545315,28,6,2020,12,35,15
89139662,95031059,12,6,2020,15,30,52
81997264,94819146,22,6,2020,10,35,28
85786858,92530100,15,6,2020,18,28,5
90891148,91886937,19,6,2020,20,24,45
89274112,87469580,11,6,2020,19,41,43
82820993,84226137,11,6,2020,11,8,43
89452912,88337790,6,6,2020,11,6,17
83565519,96044405,24,6,2020,22,12,30
84152130,82007971,5,6,2020,11,9,26
89189292,90314012,14,6,2020,9,39,14
95533988,96927622,4,6,2020,14,35,13
97049861,84057522,25,6,2020,9,8,30
96452188,94603121,21,6,2020,13,1,54
97342888,86979818,17,6,2020,21,7,4
97418463,85438917,25,6,2020,21,51,30
96349065,88645325,1,6,2020,12,8,56
95108163,89345076,1,6,2020,20,28,17
95120727,84310433,5,6,2020,12,22,58
97066161,98840916,12,6,2020,21,11,3
96534042,93195606,6,6,2020,15,12,4
97355044,97443757,28,6,2020,19,28,35
96906208,95333312,22,6,2020,21,7,31
95934907,84316077,21,6,2020,13,32,49
96300922,95295812,22,6,2020,19,44,20
97493653,88336234,5,6,2020,15,2,48
95953071,98193164,27,6,2020,19,28,17
95206875,85438917,19,6,2020,20,58,29
95951863,88383033,1,6,2020,9,16,50
95314517,84126230,22,6,2020,18,25,3
95850197,81566689,2,6,2020,11,12,39
93079538,96772903,2,6,2020,19,14,36
93811309,83794622,16,6,2020,18,28,56
93066423,97730275,22,6,2020,18,52,13
93208742,84173996,25,6,2020,22,47,36
93005604,84651408,14,6,2020,16,25,33
93694916,90368045,23,6,2020,13,23,8
98642868,92507333,25,6,2020,22,7,10
98245743,87427543,25,6,2020,15,59,15
98073134,92814164,6,6,2020,19,25,13
98717502,96675595,21,6,2020,18,52,33
89641065,92389710,18,6,2020,23,40,40
82358904,83552679,22,6,2020,19,19,1
88659920,85045239,9,6,2020,10,27,5
82513299,93921643,5,6,2020,16,18,35
87275425,97516797,9,6,2020,22,18,0
84002054,85917796,9,6,2020,22,18,3
84693045,95060212,14,6,2020,22,30,34
81879877,98270347,13,6,2020,13,1,52
81522949,86820553,20,6,2020,20,9,13
89032684,91341795,11,6,2020,23,52,4
87401429,95489403,14,6,2020,10,56,55
81659929,97010026,28,6,2020,17,28,7
88576527,95508944,6,6,2020,15,45,43
85804088,91439812,15,6,2020,17,29,14
85720570,89870521,8,6,2020,18,52,17
86147694,81652278,21,6,2020,19,18,18
84369209,88544870,24,6,2020,10,47,3
85105002,92865078,17,6,2020,17,14,1
87936258,87741721,5,6,2020,15,44,58
88031508,96808199,13,6,2020,17,36,23
84393772,83376357,21,6,2020,13,1,16
89102729,87867763,10,6,2020,15,0,12
88663180,95818135,10,6,2020,19,39,4
87188603,90452998,4,6,2020,11,20,58
88164070,96732152,20,6,2020,14,12,0
87986883,91559007,7,6,2020,14,48,13
89436715,90441859,16,6,2020,12,6,36
89612468,84746944,4,6,2020,19,35,1
90783725,85185778,19,6,2020,9,42,36
86168741,82003885,27,6,2020,20,31,57
82516577,86338475,12,6,2020,18,54,16
85115120,83133438,24,6,2020,18,28,11
85438917,90325639,28,6,2020,9,6,52
88979419,82827487,18,6,2020,22,47,31
89429379,83745271,27,6,2020,19,22,33
85432242,88742351,18,6,2020,12,32,29
89652779,95505264,17,6,2020,17,46,38
85534540,91013714,5,6,2020,23,45,59
89838247,86023186,19,6,2020,10,53,58
83271986,91755838,27,6,2020,21,7,12
87004772,82035924,14,6,2020,18,57,11
89096301,98880339,1,6,2020,18,7,2
89815226,92303709,15,6,2020,17,29,39
86352795,87141772,3,6,2020,13,57,49
85654683,93348628,15,6,2020,10,36,12
90432614,97142888,13,6,2020,14,24,40
89070733,95080435,14,6,2020,20,40,43
90822489,85240726,15,6,2020,19,5,23
88639154,92182636,6,6,2020,12,17,52
83131862,86182952,15,6,2020,16,46,33
85512370,96173215,1,6,2020,23,44,25
88940894,96042894,20,6,2020,14,11,39
89545063,97346790,8,6,2020,12,8,53
85027994,97876730,19,6,2020,21,19,26
88830287,94576617,12,6,2020,15,28,33
82714314,88289931,16,6,2020,19,41,39
84948146,96236152,21,6,2020,18,10,46
82510406,84530426,6,6,2020,18,21,8
84496669,83131862,11,6,2020,14,36,43
87500627,89402583,11,6,2020,19,51,0
88447046,92852481,8,6,2020,20,0,37
84104783,84294587,17,6,2020,20,17,47
81462564,95196164,14,6,2020,16,56,1
84087905,98686045,6,6,2020,15,53,50
90306868,87419567,1,6,2020,16,32,28
88373646,96846007,5,6,2020,21,18,13
83241720,83131862,21,6,2020,12,50,2
88036404,87484200,17,6,2020,16,17,23
90665932,89218753,3,6,2020,14,15,33
83927318,82237004,5,6,2020,22,38,39
90691576,91172121,25,6,2020,21,26,46
88683283,87228157,12,6,2020,12,47,21
81736153,82427893,11,6,2020,21,44,39
85029409,91998973,28,6,2020,23,43,24
85521019,83844487,10,6,2020,9,25,54
84600915,90985517,18,6,2020,13,2,21
81506329,81859065,2,6,2020,11,32,59
85924370,89419431,27,6,2020,11,56,1
89084415,93882184,14,6,2020,11,34,18
91129089,95056379,1,6,2020,17,26,21
89819473,82907428,25,6,2020,11,7,49
88086885,90905447,21,6,2020,10,9,22
90279026,91759468,11,6,2020,14,5,37
90613628,96473303,5,6,2020,9,40,45
81708588,86035854,28,6,2020,12,7,10
90025149,87818529,7,6,2020,14,10,19
89881773,85794596,9,6,2020,21,52,32
86971894,84745070,15,6,2020,22,47,8
84185579,83131862,6,6,2020,18,42,26
89139662,88656681,9,6,2020,9,7,48
81997264,91422662,19,6,2020,10,1,12
85786858,82069021,28,6,2020,9,13,51
90891148,84317876,23,6,2020,16,20,24
89274112,98841517,26,6,2020,14,58,49
82820993,84263684,22,6,2020,18,20,7
89452912,91109998,11,6,2020,12,44,6
83565519,90981832,24,6,2020,10,1,8
84152130,83586558,5,6,2020,18,43,10
89189292,82648813,11,6,2020,9,59,11
95533988,88410864,12,6,2020,22,39,7
97049861,88110241,16,6,2020,10,19,17
96452188,81909729,25,6,2020,23,53,20
97342888,96071865,6,6,2020,12,22,8
97418463,97923494,11,6,2020,9,50,36
96349065,81713194,14,6,2020,19,45,9
95108163,82070840,7,6,2020,14,41,56
95120727,81481588,18,6,2020,10,0,57
97066161,88754014,28,6,2020,11,37,42
96534042,95181029,15,6,2020,18,34,46
97355044,95473205,8,6,2020,14,48,0
96906208,96668125,4,6,2020,18,9,18
95934907,85828687,7,6,2020,10,30,7
96300922,94423367,14,6,2020,11,50,36
97493653,89361112,24,6,2020,14,2,31
95953071,83410569,8,6,2020,22,12,23
95206875,92196353,27,6,2020,21,45,55
95951863,83706636,15,6,2020,17,48,46
95314517,88295960,12,6,2020,13,29,52
95850197,85129295,11,6,2020,19,13,50
93079538,89206392,19,6,2020,16,30,24
93811309,98405285,5,6,2020,18,14,49
93066423,87465312,20,6,2020,12,37,38
93208742,87560693,6,6,2020,19,3,20
93005604,86102017,3,6,2020,15,19,53
93694916,90301918,6,6,2020,20,43,0
98642868,96451073,28,6,2020,17,15,9
98245743,82795002,20,6,2020,13,1,4
98073134,92777933,9,6,2020,22,37,5
98717502,96082256,17,6,2020,11,8,49
89641065,87840800,28,6,2020,12,47,15
82358904,93121300,11,6,2020,13,2,50
88659920,86158618,26,6,2020,9,56,9
82513299,96772752,10,6,2020,21,3,36
87275425,92973449,21,6,2020,10,25,33
84002054,86598515,11,6,2020,11,34,55
84693045,95419273,28,6,2020,16,53,54
81879877,91009410,18,6,2020,18,8,35
81522949,94372246,22,6,2020,20,3,8
89032684,98425547,8,6,2020,22,28,10
87401429,83521879,21,6,2020,19,14,2
81659929,97484915,11,6,2020,21,59,35
88576527,96576575,3,6,2020,22,22,35
85804088,93392694,6,6,2020,22,26,39
85720570,84351832,21,6,2020,14,36,8
86147694,83783325,14,6,2020,9,4,9
84369209,84684451,25,6,2020,16,42,24
85105002,94669351,3,6,2020,23,6,44
87936258,81882484,24,6,2020,13,4,47
88031508,84439789,25,6,2020,14,37,6
84393772,97414766,23,6,2020,10,50,19
89102729,84730192,20,6,2020,12,20,55
88663180,90452216,2,6,2020,23,0,48
87188603,90303032,22,6,2020,9,4,45
88164070,84374916,3,6,2020,20,27,9
87986883,98980560,12,6,2020,19,38,56
89436715,98389786,3,6,2020,10,40,2
89612468,97482714,18,6,2020,18,40,58
90783725,98548517,12,6,2020,20,20,31
86168741,86136139,5,6,2020,15,30,35
82516577,85775119,23,6,2020,18,7,57
85115120,83807120,2,6,2020,14,46,40
85438917,97727233,19,6,2020,22,6,18
88979419,84071993,7,6,2020,22,36,23
89429379,93344021,20,6,2020,17,10,5
85432242,81879877,8,6,2020,19,57,18
89652779,82465543,21,6,2020,9,9,5
85534540,82757747,5,6,2020,14,19,39
89838247,82749315,24,6,2020,22,39,39
83271986,89739091,24,6,2020,14,3,4
87004772,94307082,19,6,2020,10,25,29
89096301,83629987,17,6,2020,19,12,2
89815226,84443493,12,6,2020,12,59,59
86352795,98248440,22,6,2020,16,47,41
85654683,81879877,17,6,2020,22,1,6
90432614,97805284,21,6,2020,17,6,3
89070733,93523178,21,6,2020,13,40,39
90822489,86662107,16,6,2020,11,46,55
88639154,87658610,12,6,2020,23,8,38
83131862,91113471,20,6,2020,17,35,13
85512370,86628657,16,6,2020,15,55,11
88940894,86264881,27,6,2020,12,46,58
89545063,91466658,15,6,2020,20,42,49
85027994,94225086,13,6,2020,16,10,20
88830287,93344690,13,6,2020,17,26,26
82714314,98707375,24,6,2020,10,57,56
84948146,95872118,4,6,2020,19,18,17
82510406,92501558,13,6,2020,16,19,8
84496669,88771059,9,6,2020,23,19,22
87500627,90080555,22,6,2020,10,47,23
88447046,98895791,15,6,2020,13,13,3
84104783,86191668,14,6,2020,23,35,48
81462564,95500270,9,6,2020,15,36,15
84087905,87182968,7,6,2020,12,43,20
90306868,87631329,25,6,2020,9,13,27
88373646,86616159,13,6,2020,20,34,47
83241720,81879877,25,6,2020,19,28,14
88036404,89614246,1,6,2020,22,8,35
90665932,82251902,25,6,2020,19,47,44
83927318,94068122,18,6,2020,16,36,4
90691576,82263934,14,6,2020,10,45,56
88683283,92982122,28,6,2020,21,6,28
81736153,87234764,18,6,2020,12,5,15
85029409,94585759,11,6,2020,23,37,3
85521019,97297378,6,6,2020,9,7,51
84600915,97249549,14,6,2020,13,1,4
81506329,93511779,13,6,2020,11,14,49
85924370,92801139,11,6,2020,14,45,52
89084415,85339414,23,6,2020,13,32,50
91129089,87729840,21,6,2020,10,3,29
89819473,93379653,7,6,2020,18,58,49
88086885,84161506,16,6,2020,18,30,44
90279026,97401338,5,6,2020,22,16,47
90613628,86921469,25,6,2020,14,21,23
81708588,89006015,18,6,2020,16,3,53
90025149,98635655,11,6,2020,10,48,57
89881773,92262002,10,6,2020,21,51,35
86971894,88914047,24,6,2020,10,17,35
84185579,94455244,2,6,2020,20,40,43
89139662,86368525,19,6,2020,17,26,46
81997264,97418463,24,6,2020,13,33,28
85786858,91117303,20,6,2020,12,33,6
90891148,94306157,2,6,2020,11,29,53
89274112,94519063,17,6,2020,22,12,24
82820993,84400029,11,6,2020,18,4,54
89452912,97418463,15,6,2020,20,46,8
83565519,87196420,2,6,2020,12,13,32
84152130,90426417,25,6,2020,10,9,35
89189292,86858227,14,6,2020,15,2,38
95533988,94722595,20,6,2020,9,34,50
97049861,91075238,18,6,2020,17,1,26
96452188,85178380,19,6,2020,17,3,42
97342888,85152602,19,6,2020,12,11,45
97418463,92509452,11,6,2020,14,52,32
96349065,89911406,15,6,2020,21,50,57
95108163,95034547,16,6,2020,17,43,34
95120727,87236609,7,6,2020,18,12,33
97066161,96317611,19,6,2020,18,34,41
96534042,81879877,16,6,2020,12,34,28
97355044,92183255,4,6,2020,16,7,8
96906208,91515658,14,6,2020,17,1,25
95934907,96485918,21,6,2020,20,44,45
96300922,86370791,13,6,2020,11,17,34
97493653,94070853,12,6,2020,9,35,38
95953071,88849811,25,6,2020,15,11,44
95206875,90265121,19,6,2020,18,56,35
95951863,81504659,23,6,2020,13,18,31
95314517,86919271,19,6,2020,16,33,51
95850197,81954561,24,6,2020,20,47,5
93079538,82305734,25,6,2020,15,49,53
93811309,89317925,2,6,2020,20,33,35
93066423,82717080,22,6,2020,21,55,29
93208742,90942747,9,6,2020,22,33,9
93005604,93006385,21,6,2020,13,16,38
93694916,85031954,12,6,2020,18,25,37
98642868,81879877,24,6,2020,15,51,43
98245743,92502435,11,6,2020,19,12,1
98073134,90524936,3,6,2020,15,21,54
98717502,95810298,3,6,2020,10,6,19
89641065,82387492,7,6,2020,14,31,59
82358904,87607215,7,6,2020,11,27,41
88659920,88451950,12,6,2020,12,25,36
82513299,96711211,11,6,2020,19,50,17
87275425,94077753,3,6,2020,16,12,48
84002054,88387223,28,6,2020,14,44,6
84693045,87019412,22,6,2020,13,3,53
81879877,92279031,11,6,2020,22,24,35
81522949,85734719,1,6,2020,18,20,51
89032684,82927081,17,6,2020,16,32,44
87401429,92852496,14,6,2020,17,50,30
81659929,98931457,10,6,2020,15,46,46
88576527,85920869,17,6,2020,17,58,8
85804088,83512607,14,6,2020,20,25,34
85720570,81781272,27,6,2020,21,20,56
86147694,96846170,8,6,2020,18,28,35
84369209,87178657,5,6,2020,22,27,55
85105002,92793737,3,6,2020,17,54,34
87936258,83041117,12,6,2020,16,14,43
88031508,94824982,7,6,2020,12,42,28
84393772,88840487,26,6,2020,9,30,48
89102729,86027684,20,6,2020,21,8,43
88663180,88046360,15,6,2020,13,25,29
87188603,89248886,11,6,2020,9,32,15
88164070,87874229,28,6,2020,9,32,47
87986883,92094104,7,6,2020,15,2,12
89436715,97554169,21,6,2020,15,6,4
89612468,83497683,10,6,2020,19,52,13
90783725,91882156,22,6,2020,12,29,43
86168741,92196790,25,6,2020,19,37,1
82516577,89042346,20,6,2020,17,58,53
85115120,81887789,23,6,2020,9,19,31
85438917,97987540,4,6,2020,15,24,15
88979419,94272530,15,6,2020,11,38,0
89429379,96470938,11,6,2020,21,5,40
85432242,85235513,23,6,2020,12,12,35
89652779,91730748,11,6,2020,22,46,32
85534540,88175345,2,6,2020,20,27,24
89838247,89356603,6,6,2020,10,46,33
83271986,85024222,11,6,2020,18,55,5
87004772,85385076,27,6,2020,10,1,32
89096301,91837366,26,6,2020,21,54,37
89815226,96888763,19,6,2020,16,11,5
86352795,83184219,23,6,2020,21,55,20
85654683,83597557,25,6,2020,20,4,27
90432614,98019167,24,6,2020,16,1,55
89070733,98389407,10,6,2020,23,14,20
90822489,95243052,28,6,2020,11,35,33
88639154,84088824,8,6,2020,18,43,18
83131862,91122283,21,6,2020,23,17,10
85512370,96809488,17,6,2020,15,27,21
88940894,88158152,25,6,2020,11,46,21
89545063,97073988,25,6,2020,11,16,36
85027994,92608955,9,6,2020,10,46,41
88830287,92615709,8,6,2020,11,18,3
82714314,88853503,14,6,2020,18,11,18
84948146,92574412,2,6,2020,21,16,3
82510406,97223912,20,6,2020,23,36,26
84496669,85517839,6,6,2020,20,32,19
87500627,97454237,26,6,2020,22,14,31
88447046,94585046,7,6,2020,15,44,55
84104783,96948355,10,6,2020,22,21,25
81462564,84061415,19,6,2020,16,22,48
84087905,97465117,4,6,2020,20,48,38
90306868,86110581,14,6,2020,11,7,34
88373646,89988911,5,6,2020,22,30,58
83241720,96465599,19,6,2020,9,13,44
88036404,90091934,18,6,2020,13,28,59
90665932,91350143,19,6,2020,14,28,6
83927318,96274076,19,6,2020,18,12,26
90691576,93720746,2,6,2020,19,3,15
88683283,81783194,4,6,2020,16,14,54
81736153,89672703,8,6,2020,16,17,56
85029409,90075096,17,6,2020,13,30,9
85521019,84289056,22,6,2020,15,25,56
84600915,82662079,2,6,2020,22,0,42
81506329,87415803,6,6,2020,14,50,8
85924370,86617127,12,6,2020,18,41,25
89084415,89454737,27,6,2020,9,29,6
91129089,88213489,10,6,2020,19,31,43
89819473,92604523,20,6,2020,10,29,9
88086885,82009473,24,6,2020,13,34,13
90279026,97418463,4,6,2020,15,49,30
90613628,96496112,25,6,2020,20,16,47
81708588,94922193,15,6,2020,16,4,35
90025149,98672293,19,6,2020,22,21,34
89881773,85772243,1,6,2020,19,55,53
86971894,96435831,14,6,2020,12,17,47
84185579,90394570,9,6,2020,16,59,30
89139662,83876401,9,6,2020,15,47,0
81997264,90336785,12,6,2020,21,13,2
85786858,85466580,19,6,2020,12,35,45
90891148,97418463,15,6,2020,18,3,57
89274112,95519496,14,6,2020,21,44,34
82820993,93693592,12,6,2020,19,15,55
89452912,94277536,4,6,2020,12,49,43
83565519,84157222,14,6,2020,21,52,14
84152130,88192986,25,6,2020,10,12,6
89189292,95072519,18,6,2020,23,3,29
95533988,82564577,24,6,2020,18,6,9
97049861,97653667,5,6,2020,16,45,12
96452188,83808453,1,6,2020,10,12,7
97342888,83888198,6,6,2020,19,32,57
97418463,94791775,8,6,2020,19,18,33
96349065,96888158,22,6,2020,20,20,46
95108163,86542645,7,6,2020,15,25,30
95120727,89630812,1,6,2020,15,57,9
97066161,89676405,16,6,2020,17,38,25
96534042,85607709,24,6,2020,12,22,9
97355044,97589034,2,6,2020,11,53,15
96906208,89658827,6,6,2020,19,2,32
95934907,89669517,20,6,2020,23,44,35
96300922,95119648,13,6,2020,21,38,13
97493653,96772884,18,6,2020,16,35,3
95953071,93356305,4,6,2020,22,44,10
95206875,97022096,11,6,2020,16,40,57
95951863,85015813,6,6,2020,17,21,48
95314517,90163868,28,6,2020,18,50,41
95850197,87520082,18,6,2020,14,44,19
93079538,97418463,22,6,2020,9,16,36
93811309,90789865,25,6,2020,12,41,18
93066423,84454999,20,6,2020,23,45,10
93208742,93588938,4,6,2020,21,33,26
93005604,97176649,2,6,2020,17,22,58
93694916,96195284,21,6,2020,16,43,25
98642868,88055739,26,6,2020,18,42,47
98245743,96165710,16,6,2020,12,46,3
98073134,93846836,18,6,2020,21,25,32
98717502,91225752,25,6,2020,12,52,25
89641065,93702687,19,6,2020,20,24,36
82358904,98393549,8,6,2020,9,38,33
88659920,88440724,7,6,2020,15,10,48
82513299,90887501,20,6,2020,12,9,58
87275425,83545039,15,6,2020,20,35,19
84002054,95765030,15,6,2020,9,47,23
84693045,96602824,2,6,2020,11,54,53
81879877,85438917,26,6,2020,14,40,15
81522949,91339235,13,6,2020,16,27,30
89032684,94742210,8,6,2020,19,2,1
87401429,92940731,12,6,2020,13,44,8
81659929,94925954,8,6,2020,15,10,4
88576527,96483982,23,6,2020,15,29,42
85804088,96100490,4,6,2020,23,51,18
85720570,81702729,26,6,2020,9,23,28
86147694,98187328,26,6,2020,16,41,32
84369209,83803736,7,6,2020,23,8,51
85105002,89262756,28,6,2020,14,51,26
87936258,93200236,28,6,2020,9,0,25
88031508,84523922,12,6,2020,22,38,39
84393772,82235378,21,6,2020,21,21,29
89102729,82775430,25,6,2020,19,56,54
88663180,97023670,17,6,2020,21,7,17
87188603,85438917,16,6,2020,11,22,23
88164070,92887807,4,6,2020,12,16,52
87986883,97684141,8,6,2020,18,59,10
89436715,92748795,27,6,2020,21,5,3
89612468,94722863,12,6,2020,23,58,26
90783725,94848838,14,6,2020,16,4,13
86168741,84570053,28,6,2020,9,11,52
82516577,85423803,24,6,2020,18,57,17
85115120,82016814,2,6,2020,10,39,10
85438917,98730619,1,6,2020,9,58,42
88979419,87906648,28,6,2020,11,43,21
89429379,92442441,11,6,2020,12,11,24
85432242,90967880,1,6,2020,23,57,11
89652779,94479794,3,6,2020,10,50,25
85534540,96036238,11,6,2020,14,10,42
89838247,98634155,16,6,2020,16,10,8
83271986,98181660,19,6,2020,12,41,21
87004772,89413040,18,6,2020,20,48,55
89096301,97934859,11,6,2020,16,26,34
89815226,84290214,11,6,2020,18,4,42
86352795,94883510,8,6,2020,10,37,40
85654683,95722672,22,6,2020,21,28,35
90432614,84040743,9,6,2020,14,35,37
89070733,86838145,17,6,2020,9,21,30
90822489,92734431,11,6,2020,15,9,27
88639154,88115815,8,6,2020,20,0,42
83131862,92314403,17,6,2020,13,26,51
85512370,82782036,6,6,2020,13,34,31
88940894,95860463,27,6,2020,21,34,54
89545063,86737676,17,6,2020,20,7,4
85027994,97776375,16,6,2020,11,18,57
88830287,91532503,18,6,2020,9,33,49
82714314,86466296,6,6,2020,23,26,35
84948146,82374247,4,6,2020,9,0,34
82510406,94095032,17,6,2020,12,20,53
84496669,82499773,15,6,2020,19,42,9
87500627,84715596,1,6,2020,12,13,24
88447046,93683557,22,6,2020,17,45,36
84104783,90907722,14,6,2020,18,2,34
81462564,96145157,19,6,2020,11,13,49
84087905,86715629,22,6,2020,10,2,39
90306868,83075492,16,6,2020,13,27,30
88373646,97374357,16,6,2020,12,5,38
83241720,97657467,25,6,2020,20,10,52
88036404,82441278,22,6,2020,22,30,50
90665932,91905651,21,6,2020,21,0,36
83927318,84559334,27,6,2020,16,36,23
90691576,91202790,13,6,2020,18,58,42
88683283,97134423,9,6,2020,21,3,45
81736153,93977771,1,6,2020,17,11,20
85029409,86658199,13,6,2020,15,58,20
85521019,88458445,22,6,2020,17,28,3
84600915,84891024,22,6,2020,9,28,15
81506329,90458329,4,6,2020,12,10,16
85924370,93209544,3,6,2020,18,3,39
89084415,91147911,20,6,2020,16,42,54
91129089,83754217,5,6,2020,9,2,6
89819473,95584518,12,6,2020,21,39,24
88086885,89532763,4,6,2020,17,33,4
90279026,86128588,15,6,2020,21,5,47
90613628,93934734,25,6,2020,14,29,33
81708588,94331759,24,6,2020,10,23,11
90025149,82144598,14,6,2020,12,49,35
89881773,93843159,14,6,2020,9,55,37
86971894,87649041,6,6,2020,18,28,23
84185579,83558314,1,6,2020,19,48,17
89139662,92301446,26,6,2020,10,51,11
81997264,96124997,5,6,2020,19,38,24
85786858,91329159,20,6,2020,12,20,9
90891148,98800823,21,6,2020,20,43,19
89274112,95033101,26,6,2020,21,38,23
82820993,97425555,28,6,2020,22,24,41
89452912,89557240,7,6,2020,10,55,5
83565519,94143698,14,6,2020,21,59,37
84152130,89588963,14,6,2020,16,3,10
89189292,94959542,16,6,2020,17,13,24
95533988,97364836,25,6,2020,16,18,54
97049861,90395466,17,6,2020,19,44,0
96452188,96339729,11,6,2020,19,44,56
97342888,98286406,10,6,2020,22,2,31
97418463,92147511,1,6,2020,21,40,20
96349065,91780370,6,6,2020,21,1,46
95108163,96154720,12,6,2020,23,20,35
95120727,88387749,2,6,2020,10,4,56
97066161,83448790,20,6,2020,12,2,6
96534042,95451138,10,6,2020,20,29,46
97355044,92424841,11,6,2020,17,21,15
96906208,90442169,8,6,2020,23,12,37
95934907,86624674,11,6,2020,13,59,46
96300922,81843211,27,6,2020,15,25,33
97493653,94561866,26,6,2020,18,23,1
95953071,96648832,7,6,2020,10,29,21
95206875,87497727,20,6,2020,13,45,0
95951863,95139556,16,6,2020,22,34,1
95314517,96166453,7,6,2020,18,58,2
95850197,90519276,16,6,2020,17,26,57
93079538,93166726,17,6,2020,14,32,22
93811309,98362832,9,6,2020,13,28,28
93066423,94634005,24,6,2020,12,36,40
93208742,84546892,13,6,2020,14,47,43
93005604,96161665,20,6,2020,19,50,6
93694916,82503855,4,6,2020,19,27,39
98642868,94782715,13,6,2020,9,3,22
98245743,87916467,21,6,2020,23,52,32
98073134,85438917,10,6,2020,9,16,17
98717502,92946322,23,6,2020,12,32,16
89641065,89030680,4,6,2020,19,42,35
82358904,86790786,27,6,2020,9,36,16
88659920,98034563,10,6,2020,12,32,21
82513299,86922444,20,6,2020,22,31,43
87275425,83370007,11,6,2020,12,9,57
84002054,86987755,13,6,2020,23,22,23
84693045,94936473,24,6,2020,20,23,55
81879877,97550667,5,6,2020,23,18,46
81522949,83976905,28,6,2020,15,7,37
89032684,83613580,9,6,2020,11,35,0
87401429,85438917,21,6,2020,14,55,1
81659929,98767178,16,6,2020,17,35,1
88576527,86320011,20,6,2020,18,13,36
85804088,98704390,6,6,2020,17,55,59
85720570,82971272,19,6,2020,15,38,33
86147694,93005604,19,6,2020,14,48,47
84369209,88861987,2,6,2020,14,44,39
85105002,86872202,5,6,2020,15,5,22
87936258,85243977,7,6,2020,15,59,40
88031508,84947973,15,6,2020,11,28,13
84393772,94199126,23,6,2020,23,51,48
89102729,87384006,20,6,2020,21,52,14
88663180,84450900,19,6,2020,17,2,35
87188603,97149949,8,6,2020,15,9,55
88164070,84905530,18,6,2020,21,58,54
87986883,82543463,17,6,2020,17,16,3
89436715,96688890,27,6,2020,12,23,46
89612468,84664980,20,6,2020,20,38,51
90783725,93299509,10,6,2020,13,25,27
86168741,83326688,14,6,2020,18,42,56
82516577,83643382,15,6,2020,14,27,33
85115120,88460772,19,6,2020,9,44,41
85438917,81613119,20,6,2020,23,33,45
88979419,87015094,8,6,2020,13,31,27
89429379,85438917,14,6,2020,21,15,3
85432242,87169694,12,6,2020,17,31,39
89652779,85865457,14,6,2020,12,19,37
85534540,91784160,12,6,2020,15,25,12
89838247,84245363,8,6,2020,10,55,34
83271986,92876437,13,6,2020,15,56,6
87004772,88450271,11,6,2020,20,41,58
89096301,94655982,14,6,2020,11,1,7
89815226,94789404,5,6,2020,22,11,2
86352795,96760451,25,6,2020,16,17,34
85654683,90579833,19,6,2020,17,22,6
90432614,88618708,26,6,2020,22,55,5
89070733,96556985,14,6,2020,21,51,23
90822489,89115945,22,6,2020,9,31,4
88639154,87616289,19,6,2020,16,12,31
83131862,89614448,25,6,2020,18,59,17
85512370,95545037,25,6,2020,19,46,27
88940894,94295807,24,6,2020,17,59,23
89545063,97514262,21,6,2020,13,11,56
85027994,85322717,20,6,2020,17,1,7
88830287,83911800,17,6,2020,17,32,12
82714314,97676388,27,6,2020,19,6,50
84948146,92326684,6,6,2020,12,19,0
82510406,94780935,3,6,2020,17,16,45
84496669,93922583,26,6,2020,16,15,2
87500627,81470184,13,6,2020,14,9,49
88447046,94500392,26,6,2020,10,28,6
84104783,82473746,14,6,2020,19,42,49
81462564,87616469,1,6,2020,14,4,15
84087905,86193573,26,6,2020,17,24,24
90306868,95020144,6,6,2020,11,21,35
88373646,93833532,21,6,2020,18,35,31
83241720,82443186,15,6,2020,11,3,27
88036404,94757432,24,6,2020,9,22,58
90665932,95174109,9,6,2020,12,55,19
83927318,81836017,13,6,2020,15,4,39
90691576,90788759,19,6,2020,9,5,48
88683283,83130003,27,6,2020,14,49,4
81736153,91493661,12,6,2020,11,4,54
85029409,96671736,9,6,2020,21,51,34
85521019,95045574,21,6,2020,21,15,35
84600915,96906208,19,6,2020,15,47,26
81506329,87414533,12,6,2020,18,13,3
85924370,93586183,5,6,2020,15,59,46
89084415,87052931,5,6,2020,21,45,0
91129089,97071366,17,6,2020,9,43,51
89819473,82491564,18,6,2020,10,3,21
88086885,97614237,25,6,2020,9,45,31
90279026,96906208,8,6,2020,17,20,0
90613628,84375278,7,6,2020,16,35,54
81708588,91712719,19,6,2020,15,16,45
90025149,84065451,14,6,2020,11,2,49
89881773,81830171,24,6,2020,19,13,7
86971894,96313429,28,6,2020,10,13,56
84185579,89960369,21,6,2020,20,2,48
89139662,98341547,2,6,2020,18,49,51
81997264,93631663,20,6,2020,20,10,21
85786858,85063014,9,6,2020,14,13,24
90891148,91400170,18,6,2020,14,36,35
89274112,96906208,6,6,2020,15,3,31
82820993,84142112,8,6,2020,13,0,55
89452912,84671965,25,6,2020,9,33,53
83565519,86980326,23,6,2020,17,48,1
84152130,90344745,2,6,2020,14,30,56
89189292,97330699,12,6,2020,13,19,26
95533988,95621833,9,6,2020,16,29,59
97049861,83550779,11,6,2020,9,19,17
96452188,90372345,10,6,2020,11,39,41
97342888,83010369,20,6,2020,16,6,42
97418463,97713943,27,6,2020,13,44,1
96349065,81813307,21,6,2020,11,32,32
95108163,93005604,12,6,2020,21,8,0
95120727,84271205,10,6,2020,17,16,48
97066161,91949143,12,6,2020,15,43,23
96534042,86126191,7,6,2020,11,6,13
97355044,96072034,20,6,2020,21,30,56
96906208,87570937,19,6,2020,14,53,18
95934907,86489851,23,6,2020,22,19,53
96300922,97791509,13,6,2020,16,24,58
97493653,98308963,5,6,2020,9,12,4
95953071,82057053,15,6,2020,15,42,29
95206875,95177596,12,6,2020,12,58,40
95951863,95623302,1,6,2020,16,59,16
95314517,93005604,6,6,2020,23,24,29
95850197,98039756,20,6,2020,14,15,25
93079538,96492154,28,6,2020,12,6,30
93811309,94561873,21,6,2020,13,57,16
93066423,94058515,25,6,2020,23,30,37
93208742,90982825,16,6,2020,10,10,18
93005604,87233758,18,6,2020,11,58,21
93694916,94964123,2,6,2020,11,29,52
98642868,90972226,18,6,2020,23,15,25
98245743,87426725,11,6,2020,17,30,30
98073134,81817560,25,6,2020,14,36,48
98717502,94647306,27,6,2020,23,26,14
89641065,88761637,5,6,2020,17,5,15
82358904,85016807,12,6,2020,14,7,58
88659920,96396277,19,6,2020,14,10,58
82513299,94296048,24,6,2020,13,42,10
87275425,86056185,6,6,2020,17,5,1
84002054,93531346,28,6,2020,16,38,50
84693045,84679767,11,6,2020,15,26,26
81879877,87331132,24,6,2020,19,51,8
81522949,81833406,24,6,2020,16,43,2
89032684,96491869,1,6,2020,14,14,31
87401429,85568511,2,6,2020,15,43,50
81659929,92747799,16,6,2020,22,8,19
88576527,94408628,11,6,2020,13,58,10
85804088,85124550,13,6,2020,21,8,53
85720570,86032609,8,6,2020,21,26,43
86147694,96330006,17,6,2020,22,29,49
84369209,98517013,11,6,2020,10,38,22
85105002,94236450,14,6,2020,16,25,34
87936258,92082512,26,6,2020,20,57,12
88031508,85641279,3,6,2020,16,32,56
84393772,83348693,16,6,2020,18,23,47
89102729,84239254,4,6,2020,16,43,50
88663180,92013978,19,6,2020,20,55,52
87188603,88214000,26,6,2020,13,19,27
88164070,90269803,17,6,2020,12,46,29
87986883,88580182,8,6,2020,17,43,49
89436715,85065082,18,6,2020,10,8,44
89612468,95366661,10,6,2020,15,17,16
90783725,89600154,8,6,2020,17,13,4
86168741,92139313,15,6,2020,16,50,33
82516577,96443674,9,6,2020,15,54,12
85115120,86481483,19,6,2020,9,0,16
85438917,95948265,24,6,2020,20,33,6
88979419,84456112,24,6,2020,21,28,22
89429379,81649046,25,6,2020,14,3,0
85432242,85843066,22,6,2020,19,56,28
89652779,95735442,23,6,2020,22,54,16
85534540,85317605,1,6,2020,17,8,43
89838247,90643579,18,6,2020,19,23,19
83271986,98607913,27,6,2020,12,19,13
87004772,98461108,13,6,2020,16,31,25
89096301,87307484,17,6,2020,21,20,37
89815226,88822379,27,6,2020,19,12,3
86352795,97582371,1,6,2020,20,0,47
85654683,96293887,19,6,2020,10,22,43
90432614,84174716,21,6,2020,13,55,44
89070733,82808784,14,6,2020,16,8,28
90822489,98558675,1,6,2020,19,4,39
88639154,93315617,23,6,2020,19,39,30
83131862,92026908,12,6,2020,15,51,30
85512370,83102210,7,6,2020,21,42,31
88940894,84527457,1,6,2020,19,13,59
89545063,98019939,28,6,2020,15,59,47
85027994,87756019,27,6,2020,11,4,0
88830287,84533713,5,6,2020,19,4,54
82714314,97112499,6,6,2020,19,28,40
84948146,89946064,24,6,2020,19,43,39
82510406,83540706,5,6,2020,17,57,0
84496669,93393773,13,6,2020,19,50,18
87500627,89602071,28,6,2020,16,18,13
88447046,90221868,13,6,2020,18,2,17
84104783,97871140,4,6,2020,14,35,25
81462564,89536576,16,6,2020,23,41,6
84087905,90651981,3,6,2020,10,33,20
90306868,92535067,21,6,2020,11,27,6
88373646,85525566,13,6,2020,17,51,55
83241720,91866095,2,6,2020,18,18,24
88036404,88192659,26,6,2020,10,57,25
90665932,87771545,14,6,2020,15,29,19
83927318,83073208,16,6,2020,17,50,14
90691576,85436878,25,6,2020,13,24,1
88683283,82820155,15,6,2020,10,59,10
81736153,90053950,18,6,2020,21,16,24
85029409,92467634,20,6,2020,10,33,5
85521019,98525395,20,6,2020,17,3,20
84600915,88220485,7,6,2020,15,32,25
81506329,93866852,5,6,2020,18,6,24
85924370,85357964,3,6,2020,17,41,46
89084415,94042321,21,6,2020,20,14,10
91129089,85924370,26,6,2020,20,1,8
89819473,84362779,13,6,2020,19,11,0
88086885,87700149,24,6,2020,21,50,42
90279026,88587762,6,6,2020,22,59,19
90613628,87022440,25,6,2020,12,52,19
81708588,84836214,5,6,2020,11,32,32
90025149,84288287,21,6,2020,21,28,16
89881773,86286266,17,6,2020,18,43,46
86971894,95317730,24,6,2020,10,8,50
84185579,81758481,15,6,2020,9,10,41
89139662,93489204,27,6,2020,12,48,30
81997264,83475912,14,6,2020,22,41,44
85786858,91649192,23,6,2020,11,41,27
90891148,84887552,4,6,2020,22,14,0
89274112,90384666,3,6,2020,9,14,39
82820993,87960029,7,6,2020,20,12,22
89452912,86120059,2,6,2020,9,49,23
83565519,81506329,13,6,2020,11,22,48
84152130,98096299,6,6,2020,12,2,46
89189292,92979654,18,6,2020,10,23,58
95533988,92618194,23,6,2020,13,22,50
97049861,93575862,19,6,2020,17,2,12
96452188,93216936,22,6,2020,9,22,38
97342888,81742767,8,6,2020,10,2,14
97418463,89520291,12,6,2020,19,25,7
96349065,88838044,5,6,2020,20,17,45
95108163,84264903,18,6,2020,18,29,25
95120727,87982989,3,6,2020,14,50,6
97066161,98894849,26,6,2020,16,27,9
96534042,82495308,4,6,2020,18,12,38
97355044,85457064,3,6,2020,20,57,12
96906208,88395141,20,6,2020,22,29,9
95934907,98916560,22,6,2020,9,41,32
96300922,88758857,11,6,2020,14,9,47
97493653,83610353,5,6,2020,10,49,1
95953071,81506329,3,6,2020,14,13,0
95206875,95412628,15,6,2020,17,23,31
95951863,92859628,7,6,2020,12,49,44
95314517,97169484,23,6,2020,21,15,13
95850197,88999563,4,6,2020,12,25,58
93079538,88835768,10,6,2020,10,9,2
93811309,84272855,13,6,2020,16,47,19
93066423,97038531,27,6,2020,23,4,2
93208742,92077377,16,6,2020,17,59,49
93005604,96159891,6,6,2020,10,8,38
93694916,83265161,17,6,2020,17,11,28
98642868,87121459,18,6,2020,18,58,17
98245743,83765665,6,6,2020,19,3,13
98073134,89159763,6,6,2020,12,40,54
98717502,91539361,8,6,2020,20,53,17
89641065,88155651,20,6,2020,9,36,59
82358904,89045487,20,6,2020,16,29,5
88659920,98405464,2,6,2020,21,31,27
82513299,91376868,4,6,2020,19,50,2
87275425,88020404,19,6,2020,22,36,35
84002054,92322060,9,6,2020,19,44,17
84693045,89616816,17,6,2020,9,17,36
81879877,91697639,19,6,2020,21,54,53
81522949,85021244,3,6,2020,11,14,32
89032684,86542824,3,6,2020,12,55,56
87401429,96041132,13,6,2020,15,50,39
81659929,97196098,16,6,2020,21,9,29
88576527,91170867,15,6,2020,11,25,41
85804088,98211713,15,6,2020,18,20,22
85720570,88832233,17,6,2020,11,34,12
86147694,84266315,24,6,2020,16,21,7
84369209,93450661,15,6,2020,9,59,2
85105002,84206430,20,6,2020,22,59,27
87936258,94951622,17,6,2020,22,54,6
88031508,82011048,2,6,2020,11,4,35
84393772,83206086,21,6,2020,21,36,3
89102729,97957615,10,6,2020,9,22,0
88663180,98769466,2,6,2020,16,10,16
87188603,91248836,18,6,2020,20,33,2
88164070,95019432,11,6,2020,18,56,21
87986883,86849109,23,6,2020,21,42,39
89436715,98711307,21,6,2020,20,59,48
89612468,92264111,10,6,2020,17,19,44
90783725,90702530,1,6,2020,20,4,57
86168741,94347041,1,6,2020,20,18,32
82516577,96134526,8,6,2020,19,30,47
85115120,98272010,10,6,2020,14,52,1
85438917,97324419,1,6,2020,17,40,10
88979419,95259373,24,6,2020,23,6,21
89429379,82128808,21,6,2020,11,5,28
85432242,93667404,13,6,2020,18,41,49
89652779,98835447,17,6,2020,22,48,14
85534540,98201219,18,6,2020,22,58,21
89838247,97654061,21,6,2020,21,57,42
83271986,90220065,20,6,2020,20,36,21
87004772,94943905,20,6,2020,9,36,49
89096301,86976511,20,6,2020,18,18,29
89815226,88942654,23,6,2020,13,23,29
86352795,85924370,28,6,2020,13,30,6
85654683,95178541,21,6,2020,20,12,18
90432614,96707990,1,6,2020,12,18,45
89070733,91023165,20,6,2020,22,25,19
90822489,89298637,24,6,2020,21,54,29
88639154,87409165,9,6,2020,23,29,27
83131862,98257606,16,6,2020,17,25,58
85512370,88713604,15,6,2020,14,8,17
88940894,82954610,24,6,2020,9,39,7
89545063,97482411,22,6,2020,14,33,6
85027994,87643973,18,6,2020,16,23,9
88830287,85924370,1,6,2020,9,30,29
82714314,85313246,5,6,2020,20,54,9
84948146,94406101,28,6,2020,16,39,46
82510406,83148526,28,6,2020,17,46,31
84496669,93297432,17,6,2020,9,0,36
87500627,97281849,6,6,2020,19,31,59
88447046,83759356,3,6,2020,10,35,22
84104783,83988836,13,6,2020,13,37,23
81462564,86147670,28,6,2020,14,44,51
84087905,83764295,6,6,2020,9,39,4
90306868,98030646,1,6,2020,14,1,41
88373646,82218263,4,6,2020,10,30,8
83241720,90563632,7,6,2020,12,18,22
88036404,96063113,12,6,2020,18,39,58
90665932,95164254,5,6,2020,13,28,21
83927318,88484149,20,6,2020,14,57,6
90691576,89456314,28,6,2020,15,37,37
88683283,82776027,6,6,2020,17,38,15
81736153,87211961,8,6,2020,13,9,40
85029409,85924370,20,6,2020,9,35,59
85521019,91774708,14,6,2020,10,44,10
84600915,83575515,26,6,2020,22,35,58
81506329,89383185,5,6,2020,15,56,25
85924370,83843679,8,6,2020,19,58,6
89084415,94026269,5,6,2020,16,32,29
91129089,90702477,28,6,2020,20,54,40
89819473,97869024,23,6,2020,20,27,4
88086885,90168900,20,6,2020,23,36,41
90279026,95713581,21,6,2020,20,8,39
90613628,93321037,24,6,2020,12,39,26
81708588,91230978,2,6,2020,16,13,43
90025149,90486429,5,6,2020,18,9,55
89881773,87522442,11,6,2020,15,41,1
86971894,96114384,12,6,2020,14,54,8
84185579,86425092,14,6,2020,9,51,53
89139662,96200521,7,6,2020,19,27,4
81997264,97998832,11,6,2020,20,50,9
85786858,84959284,12,6,2020,15,0,41
90891148,98275835,4,6,2020,22,49,39
89274112,92370422,6,6,2020,10,45,55
82820993,98808206,28,6,2020,18,52,28
89452912,94277436,26,6,2020,15,45,26
83565519,82998473,19,6,2020,14,53,57
84152130,91345966,22,6,2020,9,9,42
89189292,91532314,24,6,2020,18,39,32
95533988,84352981,21,6,2020,22,25,37
97049861,97494366,2,6,2020,18,28,50
96452188,82600785,23,6,2020,12,50,43
97342888,94920756,27,6,2020,20,52,11
97418463,90880480,28,6,2020,22,22,12
96349065,87581057,15,6,2020,19,53,36
95108163,85283630,27,6,2020,11,35,11
95120727,97461336,7,6,2020,22,12,29
97066161,86479901,20,6,2020,17,2,53
96534042,89447921,13,6,2020,19,1,27
97355044,90144022,9,6,2020,17,4,49
96906208,83486885,28,6,2020,10,52,12
95934907,89810641,5,6,2020,13,40,15
96300922,89831037,24,6,2020,22,38,0
97493653,82526879,27,6,2020,10,27,20
95953071,94905644,2,6,2020,19,19,9
95206875,98575829,21,6,2020,9,3,19
95951863,87434298,15,6,2020,14,39,46
95314517,82721649,5,6,2020,13,0,33
95850197,85550468,25,6,2020,10,59,3
93079538,95771332,3,6,2020,11,49,1
93811309,87621222,23,6,2020,11,18,17
93066423,96245886,18,6,2020,16,27,8
93208742,92454464,27,6,2020,16,47,46
93005604,88148582,18,6,2020,22,2,59
93694916,84322626,19,6,2020,10,45,40
98642868,90486334,27,6,2020,20,42,2
98245743,97079850,16,6,2020,13,56,40
98073134,85773170,9,6,2020,11,50,26
98717502,83945437,15,6,2020,18,29,38
89641065,88375102,14,6,2020,20,30,19
82358904,97418709,11,6,2020,22,2,54
88659920,95442189,4,6,2020,19,57,21
82513299,82522732,10,6,2020,23,38,51
87275425,82872034,15,6,2020,22,11,3
84002054,96233092,2,6,2020,23,35,35
84693045,97737807,12,6,2020,15,56,45
81879877,94180730,1,6,2020,11,26,18
81522949,94679866,3,6,2020,12,6,21
89032684,85271467,21,6,2020,9,38,58
87401429,88193955,13,6,2020,15,52,46
81659929,98792560,26,6,2020,21,28,52
88576527,87669675,28,6,2020,16,40,25
85804088,95267792,25,6,2020,17,1,39
85720570,92983464,18,6,2020,23,41,56
86147694,82493193,12,6,2020,14,21,10
84369209,96696999,22,6,2020,12,56,8
85105002,96245168,1,6,2020,16,48,16
87936258,90203313,14,6,2020,17,25,13
88031508,89348003,10,6,2020,18,36,2
84393772,92529895,22,6,2020,10,30,6
89102729,98554045,3,6,2020,16,16,28
88663180,90726723,22,6,2020,17,15,59
87188603,84529921,17,6,2020,20,48,18
88164070,98663182,26,6,2020,10,58,21
87986883,98284426,14,6,2020,22,37,25
89436715,96103077,2,6,2020,16,4,28
89612468,98707962,22,6,2020,10,25,24
90783725,85036655,8,6,2020,9,58,6
86168741,90651200,3,6,2020,12,22,11
82516577,95441972,8,6,2020,17,52,24
85115120,83413745,14,6,2020,13,35,8
85438917,95735841,2,6,2020,19,28,8
88979419,87682071,4,6,2020,18,57,32
89429379,89525235,12,6,2020,14,5,0
85432242,90780996,9,6,2020,14,40,3
89652779,97282027,7,6,2020,11,28,4
85534540,85384182,25,6,2020,16,11,21
89838247,94107558,3,6,2020,13,7,25
83271986,95378645,20,6,2020,15,36,26
87004772,82348492,24,6,2020,20,35,7
89096301,95928029,22,6,2020,15,52,34
89815226,84926378,28,6,2020,18,44,59
86352795,81776913,6,6,2020,23,52,42
85654683,89363637,19,6,2020,18,38,42
90432614,94218671,25,6,2020,19,10,38
89070733,90271202,20,6,2020,9,26,2
90822489,91744771,5,6,2020,22,59,55
88639154,83652886,28,6,2020,18,59,37
83131862,98983230,27,6,2020,23,27,9
85512370,82812407,20,6,2020,19,34,45
88940894,88842315,20,6,2020,15,11,12
89545063,92756311,23,6,2020,13,47,38
85027994,82835432,5,6,2020,20,21,20
88830287,88553481,2,6,2020,21,2,58
82714314,83182101,25,6,2020,11,47,39
84948146,82565458,17,6,2020,14,48,36
82510406,81671731,26,6,2020,18,12,50
84496669,90141003,6,6,2020,14,13,20
87500627,98843422,18,6,2020,17,56,12
88447046,83309689,27,6,2020,19,17,42
84104783,85027994,3,6,2020,11,5,52
81462564,85260729,19,6,2020,18,35,48
84087905,89252235,1,6,2020,23,17,50
90306868,85239618,2,6,2020,21,26,51
88373646,95035023,16,6,2020,21,8,50
83241720,85027994,3,6,2020,9,25,6
88036404,87478723,1,6,2020,17,49,37
90665932,89310158,1,6,2020,9,48,37
83927318,86340808,21,6,2020,14,33,58
90691576,87511554,4,6,2020,20,13,5
88683283,98844678,28,6,2020,9,46,13
81736153,98555995,17,6,2020,12,1,14
85029409,96322139,7,6,2020,18,37,53
85521019,89810430,4,6,2020,20,1,31
84600915,98878044,4,6,2020,23,35,28
81506329,85011284,7,6,2020,16,28,32
85924370,97454877,22,6,2020,11,46,10
89084415,93413013,10,6,2020,13,33,0
91129089,84085292,19,6,2020,15,6,57
89819473,89592529,18,6,2020,14,42,29
88086885,89659862,3,6,2020,11,30,5
90279026,85027994,3,6,2020,19,39,2
90613628,83355843,24,6,2020,22,58,27
81708588,81871000,20,6,2020,15,4,6
90025149,96833190,8,6,2020,20,58,30
89881773,84684911,19,6,2020,23,18,44
86971894,93292234,10,6,2020,16,59,28
84185579,96715389,9,6,2020,22,50,2
89139662,96988951,1,6,2020,18,29,38
81997264,83951978,17,6,2020,18,43,14
85786858,82789602,23,6,2020,21,49,9
90891148,93528590,13,6,2020,17,30,28
89274112,94232464,4,6,2020,20,0,56
82820993,88735709,22,6,2020,17,1,0
89452912,88249874,27,6,2020,22,14,54
83565519,87844090,2,6,2020,21,22,7
84152130,89698125,18,6,2020,12,5,7
89189292,81728907,21,6,2020,23,31,7
95533988,86513665,26,6,2020,9,39,7
97049861,85027994,10,6,2020,12,54,31
96452188,85670320,12,6,2020,19,24,22
97342888,94903779,26,6,2020,20,58,6
97418463,89953091,23,6,2020,21,41,3
96349065,85953756,5,6,2020,14,30,40
95108163,95527976,21,6,2020,12,58,31
95120727,87529524,4,6,2020,11,6,57
97066161,85574983,8,6,2020,12,56,15
96534042,91880013,22,6,2020,11,28,27
97355044,97653317,23,6,2020,20,41,10
96906208,94260449,28,6,2020,21,13,18
95934907,86568626,28,6,2020,22,49,5
96300922,94523766,9,6,2020,11,42,12
97493653,96880696,15,6,2020,23,16,27
95953071,93869741,21,6,2020,12,38,37
95206875,86459221,22,6,2020,16,25,4
95951863,93996092,28,6,2020,14,55,35
95314517,90658280,25,6,2020,9,53,13
95850197,91909969,10,6,2020,13,58,58
93079538,89860504,10,6,2020,23,8,38
93811309,82088479,9,6,2020,23,35,4
93066423,90180780,20,6,2020,22,38,36
93208742,81970513,28,6,2020,19,39,41
93005604,93581501,1,6,2020,10,53,11
93694916,89613466,21,6,2020,9,24,9
98642868,81630655,10,6,2020,16,18,52
98245743,92124675,2,6,2020,10,16,49
98073134,90189822,25,6,2020,20,10,26
98717502,90010503,8,6,2020,23,28,58
89641065,91737675,24,6,2020,19,36,22
82358904,95612202,24,6,2020,22,27,21
88659920,96564320,20,6,2020,9,0,15
82513299,93785057,22,6,2020,14,39,54
87275425,83763112,23,6,2020,23,7,30
84002054,83084373,8,6,2020,17,36,26
84693045,97001185,15,6,2020,14,15,0
81879877,96953745,2,6,2020,20,0,7
81522949,86131434,17,6,2020,15,40,21
89032684,84109938,20,6,2020,9,33,21
87401429,83131424,14,6,2020,21,5,6
81659929,83715791,16,6,2020,9,2,51
88576527,88652587,19,6,2020,15,13,48
85804088,97203725,23,6,2020,13,48,57
85720570,89827848,15,6,2020,14,35,34
86147694,93956251,28,6,2020,13,53,47
84369209,82974630,18,6,2020,22,3,48
85105002,87838805,28,6,2020,17,41,50
87936258,86334003,22,6,2020,9,17,10
88031508,96673903,26,6,2020,10,36,3
84393772,87229165,3,6,2020,15,9,50
89102729,89287208,7,6,2020,20,28,11
88663180,87755855,21,6,2020,20,59,42
87188603,89069866,9,6,2020,19,11,55
88164070,82658304,2,6,2020,13,53,31
87986883,83195573,3,6,2020,19,29,13
89436715,90181439,2,6,2020,12,56,8
89612468,87577334,19,6,2020,22,22,4
90783725,81615129,11,6,2020,23,53,7
86168741,98918879,18,6,2020,23,45,20
82516577,89610437,6,6,2020,14,53,44
85115120,87415060,4,6,2020,17,25,9
85438917,86822708,14,6,2020,10,8,4
88979419,92120611,17,6,2020,22,22,26
89429379,87699620,10,6,2020,18,43,32
85432242,89854803,15,6,2020,22,27,4
89652779,97520492,23,6,2020,11,2,52
85534540,95190636,24,6,2020,20,59,51
89838247,95741412,12,6,2020,17,35,50
83271986,96176838,12,6,2020,19,39,16
87004772,87044365,9,6,2020,11,39,27
89096301,85593716,28,6,2020,18,52,16
89815226,93611865,20,6,2020,16,17,17
86352795,86344740,26,6,2020,22,57,29
85654683,95848407,5,6,2020,9,6,7
90432614,83766285,27,6,2020,11,16,34
89070733,84255847,5,6,2020,22,8,54
90822489,85203774,9,6,2020,17,6,18
88639154,93466600,22,6,2020,17,12,4
83131862,89543089,7,6,2020,20,36,17
85512370,83510596,14,6,2020,17,44,57
88940894,89589022,25,6,2020,21,9,52
89545063,90956824,9,6,2020,15,12,10
85027994,81615177,6,6,2020,22,56,16
88830287,82883676,12,6,2020,15,53,9
82714314,91610254,1,6,2020,19,52,32
84948146,94603637,1,6,2020,23,44,41
82510406,87567949,15,6,2020,18,44,49
84496669,85211669,3,6,2020,17,28,0
87500627,90155411,23,6,2020,11,14,6
88447046,91413063,21,6,2020,16,26,9
84104783,82133068,7,6,2020,19,29,48
81462564,86337752,21,6,2020,21,30,10
84087905,83506267,19,6,2020,19,58,10
90306868,92259702,1,6,2020,16,44,17
88373646,97412610,1,6,2020,16,42,28
83241720,89002848,19,6,2020,18,52,41
88036404,83512822,27,6,2020,9,45,45
90665932,88443485,9,6,2020,11,33,11
83927318,92126012,28,6,2020,9,29,12
90691576,86579032,6,6,2020,9,37,59
88683283,95520028,20,6,2020,16,3,12
81736153,89203560,7,6,2020,10,28,25
85029409,81756307,5,6,2020,12,27,35
85521019,98103831,26,6,2020,18,57,19
84600915,91453433,9,6,2020,13,20,34
81506329,88879825,5,6,2020,12,13,27
85924370,98992886,15,6,2020,18,5,55
89084415,94552986,9,6,2020,20,20,36
91129089,94904828,11,6,2020,19,30,51
89819473,82186158,10,6,2020,19,30,40
88086885,87913668,27,6,2020,22,4,3
90279026,91969821,24,6,2020,23,55,12
90613628,83857204,25,6,2020,19,16,53
81708588,95108054,22,6,2020,10,32,12
90025149,95612790,3,6,2020,14,58,9
89881773,93103330,19,6,2020,22,15,50
86971894,83567109,2,6,2020,18,23,55
84185579,86267210,22,6,2020,13,9,50
89139662,86092482,4,6,2020,9,16,10
81997264,82399948,12,6,2020,15,45,28
85786858,92444779,23,6,2020,13,52,46
90891148,97151508,14,6,2020,17,44,40
89274112,94659062,15,6,2020,13,35,54
82820993,96835621,11,6,2020,23,12,28
89452912,98523652,5,6,2020,14,51,34
83565519,94865526,20,6,2020,21,12,39
84152130,85301402,23,6,2020,18,33,46
89189292,90100776,22,6,2020,17,55,40
95533988,84548229,23,6,2020,13,54,52
97049861,84674510,6,6,2020,11,3,24
96452188,87480632,10,6,2020,17,25,30
97342888,90417779,20,6,2020,17,20,36
97418463,95415035,3,6,2020,19,0,5
96349065,98073588,28,6,2020,9,3,21
95108163,98889885,27,6,2020,18,47,4
95120727,91318552,8,6,2020,12,33,50
97066161,90836384,16,6,2020,10,51,45
96534042,95549425,27,6,2020,19,32,3
97355044,94257488,25,6,2020,22,5,22
96906208,97420516,4,6,2020,16,33,33
95934907,96078821,14,6,2020,11,13,35
96300922,97793967,22,6,2020,12,57,46
97493653,84368646,19,6,2020,10,45,58
95953071,95139544,24,6,2020,16,29,48
95206875,94121533,3,6,2020,16,7,59
95951863,87163489,28,6,2020,23,36,46
95314517,87821737,20,6,2020,13,59,33
95850197,82652217,12,6,2020,18,38,42
93079538,97522697,2,6,2020,11,33,52
93811309,90650198,17,6,2020,10,23,52
93066423,95425924,8,6,2020,10,44,50
93208742,96488995,19,6,2020,19,59,49
93005604,91428162,3,6,2020,20,17,14
93694916,91589777,15,6,2020,11,52,49
98642868,88131027,24,6,2020,17,51,14
98245743,89420176,9,6,2020,19,28,27
98073134,94099075,8,6,2020,23,53,39
98717502,91630981,13,6,2020,16,54,43
89641065,87289798,4,6,2020,23,27,30
82358904,91798564,14,6,2020,17,55,30
88659920,84345050,6,6,2020,21,0,53
82513299,82464907,1,6,2020,22,56,10
87275425,92361489,24,6,2020,15,51,39
84002054,85148780,7,6,2020,21,31,28
84693045,94782719,14,6,2020,11,59,38
81879877,83100399,22,6,2020,15,27,50
81522949,94728999,28,6,2020,20,6,54
89032684,84255650,26,6,2020,10,23,40
87401429,82166786,6,6,2020,16,8,57
81659929,84781275,24,6,2020,15,48,33
88576527,95641096,22,6,2020,12,14,30
85804088,92227651,28,6,2020,11,32,36
85720570,82018632,18,6,2020,20,35,16
86147694,93339562,5,6,2020,13,29,3
84369209,96656376,3,6,2020,12,53,21
85105002,92038810,20,6,2020,22,52,18
87936258,90990808,6,6,2020,14,40,16
88031508,94686013,17,6,2020,23,58,7
84393772,91057431,9,6,2020,16,56,17
89102729,86027510,15,6,2020,10,34,57
88663180,81978487,14,6,2020,18,5,30
87188603,86518060,28,6,2020,17,44,17
88164070,83730608,2,6,2020,14,48,49
87986883,88703138,20,6,2020,19,54,37
89436715,90707832,28,6,2020,21,20,32
89612468,92952389,3,6,2020,15,34,49
90783725,83935120,12,6,2020,11,3,17
86168741,86809159,22,6,2020,11,50,30
82516577,86525377,27,6,2020,9,12,42
85115120,83993623,23,6,2020,14,5,49
85438917,98384294,20,6,2020,17,51,15
88979419,83864557,21,6,2020,21,42,26
89429379,82405217,3,6,2020,21,26,14
85432242,83619980,7,6,2020,14,25,46
89652779,92579311,23,6,2020,15,11,46
85534540,88404357,27,6,2020,19,48,12
89838247,82375435,26,6,2020,13,39,13
83271986,89675866,21,6,2020,23,55,55
87004772,83581367,27,6,2020,14,14,32
89096301,94479855,12,6,2020,18,28,38
89815226,96895102,12,6,2020,20,29,35
86352795,86364150,4,6,2020,11,20,33
85654683,89353488,26,6,2020,16,23,25
90432614,89366014,3,6,2020,14,40,49
89070733,98650240,18,6,2020,12,6,13
90822489,82612602,10,6,2020,22,59,26
88639154,96933390,16,6,2020,9,41,36
83131862,88925264,23,6,2020,20,2,0
85512370,90814294,19,6,2020,19,52,43
88940894,95091424,11,6,2020,13,16,53
89545063,98014313,6,6,2020,22,47,23
85027994,98201696,20,6,2020,18,15,34
88830287,86072171,20,6,2020,12,55,43
82714314,89297156,20,6,2020,17,13,36
84948146,92281810,6,6,2020,9,15,15
82510406,85603864,17,6,2020,22,24,34
84496669,95415719,4,6,2020,18,46,45
87500627,87834148,10,6,2020,18,15,25
88447046,94396967,23,6,2020,10,24,40
84104783,96200857,8,6,2020,21,1,22
81462564,98136101,5,6,2020,17,55,30
84087905,98737334,15,6,2020,21,38,12
90306868,88373646,26,6,2020,23,8,28
88373646,86123577,2,6,2020,11,52,8
83241720,83299658,14,6,2020,19,26,24
88036404,84080090,8,6,2020,15,9,27
90665932,86785236,25,6,2020,19,29,40
83927318,88373646,9,6,2020,23,56,51
90691576,90314481,26,6,2020,16,36,23
88683283,85245192,7,6,2020,11,9,18
81736153,91637533,14,6,2020,18,32,33
85029409,88924938,19,6,2020,22,12,12
85521019,84205311,13,6,2020,12,20,33
84600915,89103665,6,6,2020,20,27,13
81506329,84691460,11,6,2020,11,58,6
85924370,97455911,8,6,2020,18,11,51
89084415,84907392,10,6,2020,20,32,47
91129089,88253974,7,6,2020,18,35,0
89819473,94098066,15,6,2020,17,42,33
88086885,85331455,28,6,2020,21,23,0
90279026,85369606,28,6,2020,9,47,7
90613628,86670208,3,6,2020,10,56,9
81708588,81875737,26,6,2020,22,30,25
90025149,95308212,11,6,2020,22,44,50
89881773,81771273,28,6,2020,9,8,54
86971894,91515466,6,6,2020,14,31,22
84185579,84482102,25,6,2020,11,8,16
89139662,91581760,7,6,2020,14,54,40
81997264,83062289,1,6,2020,17,48,46
85786858,98266942,10,6,2020,22,44,25
90891148,81858616,25,6,2020,11,2,20
89274112,88373646,24,6,2020,10,17,47
82820993,98960790,25,6,2020,20,45,40
89452912,89183803,13,6,2020,9,19,45
83565519,95494284,16,6,2020,13,53,2
84152130,82602779,12,6,2020,21,15,2
89189292,94911924,15,6,2020,10,40,2
95533988,82421357,23,6,2020,18,11,24
97049861,86477705,2,6,2020,15,7,42
96452188,98524761,27,6,2020,19,46,57
97342888,98922045,23,6,2020,22,13,35
97418463,83297496,26,6,2020,15,43,39
96349065,82469834,25,6,2020,19,45,43
95108163,94568077,2,6,2020,17,26,53
95120727,82484631,15,6,2020,23,31,39
97066161,85722482,13,6,2020,23,0,12
96534042,83964472,1,6,2020,17,15,9
97355044,88603306,23,6,2020,12,15,2
96906208,88608553,16,6,2020,18,32,25
95934907,94055939,20,6,2020,21,46,1
96300922,86398896,20,6,2020,17,16,39
97493653,92978541,10,6,2020,12,28,15
95953071,88782536,10,6,2020,20,1,0
95206875,85507713,9,6,2020,21,3,27
95951863,83828866,25,6,2020,22,55,19
95314517,82431764,22,6,2020,21,4,22
95850197,84506730,4,6,2020,12,6,18
93079538,87545406,14,6,2020,14,9,14
93811309,92552445,19,6,2020,19,48,45
93066423,86849297,17,6,2020,13,0,35
93208742,87946010,3,6,2020,15,8,19
93005604,95948115,9,6,2020,16,51,4
93694916,84299904,20,6,2020,10,6,30
98642868,98746863,15,6,2020,10,41,10
98245743,98636853,28,6,2020,12,9,41
98073134,86609314,14,6,2020,15,7,6
98717502,83777586,10,6,2020,12,11,33
89641065,90335869,18,6,2020,13,23,49
82358904,96940353,11,6,2020,14,51,0
88659920,85838803,27,6,2020,17,58,35
82513299,89640033,21,6,2020,14,32,37
87275425,93067795,10,6,2020,11,14,11
84002054,93925131,13,6,2020,20,11,41
84693045,83404306,15,6,2020,15,7,19
81879877,87209299,27,6,2020,23,11,47
81522949,96231465,6,6,2020,14,38,12
89032684,94059337,20,6,2020,12,45,23
87401429,91424031,22,6,2020,23,14,44
81659929,85500794,23,6,2020,21,53,43
88576527,95878543,28,6,2020,12,53,29
85804088,93392072,9,6,2020,18,25,45
85720570,92965136,22,6,2020,21,6,25
86147694,85906608,16,6,2020,22,12,31
84369209,85680560,22,6,2020,10,14,7
85105002,83953872,1,6,2020,15,12,26
87936258,95354192,24,6,2020,14,23,19
88031508,85867244,4,6,2020,9,36,33
84393772,86358669,5,6,2020,11,9,27
89102729,96674366,13,6,2020,18,29,38
88663180,86625947,12,6,2020,12,34,39
87188603,83363404,8,6,2020,9,58,7
88164070,87482892,3,6,2020,15,41,57
87986883,86612153,3,6,2020,10,28,50
89436715,97297846,12,6,2020,17,19,33
89612468,93897656,3,6,2020,23,56,6
90783725,86434367,15,6,2020,17,19,2
86168741,91499143,9,6,2020,19,0,38
82516577,83477231,9,6,2020,10,18,27
85115120,85215136,27,6,2020,14,14,52
85438917,96409019,28,6,2020,17,49,53
88979419,96931892,13,6,2020,21,15,25
89429379,96937324,9,6,2020,20,39,44
85432242,89424506,28,6,2020,20,45,58
89652779,83982100,5,6,2020,10,40,46
85534540,82629006,6,6,2020,20,55,7
89838247,84414516,10,6,2020,14,22,8
83271986,95277928,3,6,2020,11,47,39
87004772,91567867,11,6,2020,13,1,57
89096301,97222184,7,6,2020,21,12,5
89815226,92911070,14,6,2020,21,5,14
86352795,96303259,12,6,2020,14,32,27
85654683,89268039,28,6,2020,16,38,45
90432614,90821925,23,6,2020,9,10,9
89070733,90251447,10,6,2020,22,0,47
90822489,89080713,5,6,2020,20,0,50
88639154,91490058,8,6,2020,23,12,8
83131862,83862430,27,6,2020,22,11,13
85512370,87646071,14,6,2020,18,34,54
88940894,96678116,26,6,2020,13,2,52
89545063,98478973,4,6,2020,20,46,34
85027994,90613155,9,6,2020,14,56,2
88830287,83816521,28,6,2020,20,32,31
82714314,92305407,20,6,2020,19,19,36
84948146,97742741,15,6,2020,9,9,10
82510406,91741544,12,6,2020,23,27,35
84496669,97493085,21,6,2020,20,12,44
87500627,93757881,12,6,2020,13,45,34
88447046,87193138,25,6,2020,21,28,0
84104783,85625005,8,6,2020,22,51,3
81462564,86268495,4,6,2020,11,12,2
84087905,87548714,6,6,2020,11,0,58
90306868,95817495,19,6,2020,19,56,38
88373646,86683775,14,6,2020,23,23,23
83241720,88429839,22,6,2020,19,7,54
88036404,89320322,3,6,2020,19,53,21
90665932,94585992,6,6,2020,14,19,58
83927318,85049933,27,6,2020,19,46,8
90691576,95701489,25,6,2020,18,34,32
88683283,94693442,26,6,2020,16,42,7
81736153,91828734,22,6,2020,23,6,54
85029409,87101849,22,6,2020,19,33,37
85521019,96881788,16,6,2020,14,31,11
84600915,93673149,3,6,2020,17,21,19
81506329,95795593,15,6,2020,10,56,53
85924370,84302917,24,6,2020,15,36,33
89084415,81634625,7,6,2020,13,26,55
91129089,89079957,13,6,2020,23,43,46
89819473,98424515,23,6,2020,13,59,20
88086885,82093293,25,6,2020,19,20,3
90279026,92838545,20,6,2020,22,12,7
90613628,92975072,2,6,2020,12,43,5
81708588,82138662,23,6,2020,20,34,23
90025149,91843535,24,6,2020,22,12,27
89881773,88732542,7,6,2020,18,4,59
86971894,89679865,13,6,2020,23,47,14
84185579,93672505,4,6,2020,21,12,24
89139662,97945015,1,6,2020,17,17,16
81997264,85531285,27,6,2020,14,29,20
85786858,83833092,3,6,2020,18,5,1
90891148,97130954,14,6,2020,10,47,9
89274112,81732942,3,6,2020,11,13,5
82820993,93761375,11,6,2020,9,52,44
89452912,82347416,2,6,2020,21,31,43
83565519,91027797,24,6,2020,12,1,21
84152130,85092617,17,6,2020,19,6,52
89189292,91592260,14,6,2020,18,16,13
95533988,90703228,7,6,2020,21,42,10
97049861,90058515,13,6,2020,14,45,0
96452188,95596064,2,6,2020,16,56,24
97342888,98337256,23,6,2020,15,51,47
97418463,97289781,14,6,2020,19,51,48
96349065,94915823,13,6,2020,21,29,41
95108163,95339699,11,6,2020,9,39,50
95120727,90587529,22,6,2020,23,23,37
97066161,93899403,21,6,2020,9,41,17
96534042,98747588,19,6,2020,18,45,17
97355044,96577078,19,6,2020,19,17,24
96906208,89216160,16,6,2020,23,47,6
95934907,92942542,14,6,2020,19,1,11
96300922,85833766,27,6,2020,23,5,8
97493653,98650008,28,6,2020,10,9,10
95953071,84165261,22,6,2020,14,34,25
95206875,88219753,24,6,2020,10,42,56
95951863,93783491,2,6,2020,10,45,31
95314517,88381407,5,6,2020,17,9,6
95850197,90706971,4,6,2020,11,0,22
93079538,86682778,17,6,2020,21,9,32
93811309,85292884,27,6,2020,17,30,21
93066423,95120644,8,6,2020,21,32,7
93208742,98011290,1,6,2020,17,4,50
93005604,98442945,4,6,2020,11,59,54
93694916,88359092,7,6,2020,18,41,32
98642868,88198586,11,6,2020,13,58,6
98245743,87160002,21,6,2020,18,27,52
98073134,88174427,24,6,2020,17,39,27
98717502,83252120,21,6,2020,13,21,54
89641065,89674324,12,6,2020,22,13,29
82358904,82829214,7,6,2020,16,38,4
88659920,85034541,25,6,2020,11,10,20
82513299,87652509,23,6,2020,23,9,35
87275425,85618166,1,6,2020,22,5,49
84002054,97249400,11,6,2020,23,27,3
84693045,83369489,19,6,2020,17,55,24
81879877,90900491,20,6,2020,13,38,1
81522949,94907717,4,6,2020,14,12,25
89032684,91219442,20,6,2020,12,46,8
87401429,88719439,2,6,2020,15,12,58
81659929,88057459,28,6,2020,19,18,3
88576527,87342926,11,6,2020,15,26,45
85804088,84555431,28,6,2020,23,33,17
85720570,82035832,4,6,2020,23,10,2
86147694,84270526,25,6,2020,14,17,43
84369209,92818185,11,6,2020,12,11,44
85105002,89666760,7,6,2020,13,35,25
87936258,87616077,17,6,2020,16,14,45
88031508,86124148,24,6,2020,13,5,36
84393772,89585666,28,6,2020,14,37,7
89102729,90665932,4,6,2020,18,46,45
88663180,86764674,23,6,2020,22,25,25
87188603,84719489,9,6,2020,10,12,29
88164070,97412901,11,6,2020,11,24,9
87986883,96184329,14,6,2020,9,40,14
89436715,97748544,3,6,2020,23,59,25
89612468,87501045,28,6,2020,12,16,52
90783725,83691947,18,6,2020,11,20,58
86168741,90665932,24,6,2020,23,8,24
82516577,85332937,17,6,2020,14,18,9
85115120,83082301,10,6,2020,18,4,2
85438917,85946430,21,6,2020,14,36,48
88979419,96908112,15,6,2020,9,33,43
89429379,98655511,24,6,2020,10,22,2
85432242,91989451,4,6,2020,13,48,6
89652779,89876985,15,6,2020,18,45,38
85534540,97247188,18,6,2020,13,51,29
89838247,93375835,12,6,2020,19,5,43
83271986,96138943,9,6,2020,14,23,54
87004772,86421455,27,6,2020,12,1,15
89096301,81578879,13,6,2020,12,24,44
89815226,90665932,25,6,2020,18,26,21
86352795,96673618,28,6,2020,16,21,20
85654683,96140206,19,6,2020,23,1,20
90432614,97297435,12,6,2020,17,43,40
89070733,96018944,28,6,2020,15,24,27
90822489,89572069,17,6,2020,22,32,53
88639154,97468618,9,6,2020,18,55,56
83131862,94296069,24,6,2020,16,27,50
85512370,83752793,6,6,2020,9,25,26
88940894,94360418,13,6,2020,16,20,59
89545063,87028053,5,6,2020,13,11,52
85027994,93518388,10,6,2020,19,38,50
88830287,97753697,5,6,2020,13,36,50
82714314,96461252,13,6,2020,9,58,11
84948146,82292497,14,6,2020,12,37,59
82510406,84064912,22,6,2020,21,47,1
84496669,90665932,23,6,2020,18,21,44
87500627,88361098,21,6,2020,11,22,53
88447046,86515755,2,6,2020,19,5,50
84104783,94146161,9,6,2020,10,5,58
81462564,85398413,9,6,2020,11,27,33
84087905,85510749,1,6,2020,21,3,50
90306868,87143102,15,6,2020,19,8,9
88373646,97189873,20,6,2020,23,34,43
83241720,87805628,4,6,2020,23,3,39
88036404,82024604,4,6,2020,13,12,51
90665932,95228208,13,6,2020,14,49,39
83927318,91645049,22,6,2020,21,6,40
90691576,85860424,26,6,2020,15,32,21
88683283,84722047,9,6,2020,17,35,7
81736153,94447761,23,6,2020,14,50,36
85029409,88064439,24,6,2020,23,53,19
85521019,87942431,22,6,2020,13,17,59
84600915,83063891,19,6,2020,10,55,2
81506329,95779061,28,6,2020,21,32,28
85924370,86383049,15,6,2020,12,39,47
89084415,91014733,15,6,2020,23,25,3
91129089,93778004,23,6,2020,23,1,58
89819473,87011926,13,6,2020,22,45,34
88086885,83084938,2,6,2020,16,19,0
90279026,91798152,5,6,2020,22,4,47
90613628,82169129,11,6,2020,15,45,22
81708588,85369240,8,6,2020,18,39,48
90025149,94840227,16,6,2020,10,50,58
89881773,95809884,8,6,2020,23,30,31
86971894,82207197,28,6,2020,21,16,14
84185579,87246538,23,6,2020,16,35,33
89139662,84335182,28,6,2020,17,56,31
81997264,94049992,22,6,2020,21,39,3
85786858,83766785,14,6,2020,12,5,44
90891148,87698311,10,6,2020,9,21,56
89274112,92957774,22,6,2020,20,0,24
82820993,88977228,26,6,2020,20,39,52
89452912,98196214,3,6,2020,13,56,49
83565519,85921839,2,6,2020,20,13,24
84152130,83491280,15,6,2020,10,48,20
89189292,85494437,12,6,2020,10,44,15
95533988,93237764,24,6,2020,9,28,51
97049861,96080758,28,6,2020,10,19,6
96452188,83753113,4,6,2020,20,15,14
97342888,93547725,22,6,2020,12,36,57
97418463,86544257,14,6,2020,21,31,47
96349065,89368666,5,6,2020,17,2,13
95108163,94230905,14,6,2020,16,1,4
95120727,91459289,12,6,2020,13,7,18
97066161,82061205,18,6,2020,13,24,56
96534042,98157834,7,6,2020,19,35,38
97355044,89145966,3,6,2020,18,28,33
96906208,98950701,18,6,2020,19,57,8
95934907,86090807,9,6,2020,19,46,5
96300922,83755958,11,6,2020,18,35,9
97493653,82122003,5,6,2020,23,35,15
95953071,83067564,4,6,2020,18,31,8
95206875,83326132,8,6,2020,14,58,22
95951863,90141416,12,6,2020,15,27,45
95314517,89730161,5,6,2020,13,16,55
95850197,89207565,18,6,2020,21,5,54
93079538,84983617,23,6,2020,12,1,31
93811309,85106145,16,6,2020,9,9,29
93066423,81923720,28,6,2020,18,29,34
93208742,98659818,2,6,2020,13,51,41
93005604,88980817,13,6,2020,13,55,20
93694916,91538121,24,6,2020,11,52,36
98642868,85565968,27,6,2020,18,21,41
98245743,85951987,21,6,2020,16,37,18
98073134,88131256,4,6,2020,20,8,33
98717502,85628386,9,6,2020,16,58,8
89641065,98411765,16,6,2020,18,51,54
82358904,89314941,28,6,2020,9,48,55
88659920,88482867,1,6,2020,10,3,45
82513299,86456009,22,6,2020,15,44,44
87275425,98560527,25,6,2020,11,54,53
84002054,82991809,1,6,2020,10,31,38
84693045,83779480,5,6,2020,20,48,40
81879877,97662251,8,6,2020,22,14,10
81522949,97924686,1,6,2020,9,25,13
89032684,81624901,19,6,2020,11,58,22
87401429,91323676,24,6,2020,11,17,41
81659929,87961008,22,6,2020,18,31,39
88576527,97487554,24,6,2020,9,2,48
85804088,86586104,12,6,2020,22,45,6
85720570,86687633,27,6,2020,15,52,24
86147694,94221636,4,6,2020,9,36,24
84369209,97096147,24,6,2020,22,30,47
85105002,81615122,5,6,2020,14,38,17
87936258,87780997,15,6,2020,9,45,41
88031508,86095549,23,6,2020,13,29,48
84393772,84205653,4,6,2020,17,6,2
89102729,96713399,24,6,2020,12,38,28
88663180,82249010,6,6,2020,15,35,22
87188603,90227315,27,6,2020,17,46,30
88164070,81567422,12,6,2020,18,19,54
87986883,95153068,18,6,2020,11,55,8
89436715,98425742,5,6,2020,22,10,55
89612468,87257483,28,6,2020,21,48,25
90783725,84330449,13,6,2020,10,11,25
86168741,83580385,13,6,2020,9,28,16
82516577,85252505,19,6,2020,22,2,55
85115120,89827089,21,6,2020,19,47,7
85438917,98346864,14,6,2020,15,51,52
88979419,86727601,7,6,2020,14,27,51
89429379,94767590,15,6,2020,17,48,3
85432242,91353567,8,6,2020,20,35,3
89652779,84878156,15,6,2020,9,21,42
85534540,91249605,26,6,2020,21,56,51
89838247,91079692,15,6,2020,14,58,17
83271986,93868352,4,6,2020,23,22,11
87004772,95434549,27,6,2020,13,30,17
89096301,82684370,20,6,2020,15,23,36
89815226,84161994,10,6,2020,15,58,9
86352795,91694717,7,6,2020,22,20,19
85654683,93687747,28,6,2020,23,40,23
90432614,90225489,12,6,2020,15,4,16
89070733,82045793,2,6,2020,14,1,5
90822489,87759323,4,6,2020,21,32,37
88639154,98888865,9,6,2020,23,27,33
83131862,87896443,13,6,2020,12,42,44
85512370,89760720,16,6,2020,18,53,18
88940894,94134761,27,6,2020,13,5,51
89545063,87250794,19,6,2020,19,2,5
85027994,91116863,9,6,2020,17,25,51
88830287,96384453,9,6,2020,19,57,3
82714314,89488301,6,6,2020,15,55,37
84948146,92917213,5,6,2020,18,0,26
82510406,94353120,8,6,2020,13,15,45
84496669,88091931,20,6,2020,16,29,26
87500627,91488324,24,6,2020,15,2,47
88447046,93656828,27,6,2020,21,12,31
84104783,94426350,4,6,2020,11,22,54
81462564,89222805,15,6,2020,16,39,47
84087905,95683969,7,6,2020,14,26,24
90306868,94197800,2,6,2020,15,9,21
88373646,84911373,19,6,2020,15,15,44
83241720,84683236,5,6,2020,10,43,51
88036404,95318304,15,6,2020,15,24,37
90665932,82747999,13,6,2020,10,45,16
83927318,91382352,16,6,2020,19,35,32
90691576,92673620,5,6,2020,23,10,18
88683283,96616185,16,6,2020,11,31,4
81736153,90520328,2,6,2020,9,11,22
85029409,97091052,12,6,2020,18,17,10
85521019,92455556,7,6,2020,12,22,11
84600915,97814225,24,6,2020,9,37,56
81506329,88973955,11,6,2020,14,34,9
85924370,88813461,8,6,2020,23,17,42
89084415,93006181,28,6,2020,10,41,18
91129089,84625899,5,6,2020,13,27,22
89819473,87169179,1,6,2020,23,0,4
88086885,85575762,9,6,2020,20,33,30
90279026,98838828,4,6,2020,23,6,2
90613628,94815390,27,6,2020,13,6,48
81708588,96096216,20,6,2020,19,16,21
90025149,82785729,5,6,2020,22,11,37
89881773,83060218,27,6,2020,19,0,19
86971894,88663180,7,6,2020,11,49,49
84185579,95689060,23,6,2020,16,47,41
89139662,82214973,2,6,2020,13,7,15
81997264,85053854,5,6,2020,14,59,58
85786858,90487947,16,6,2020,18,48,46
90891148,88663180,26,6,2020,21,47,44
89274112,95570438,21,6,2020,12,35,22
82820993,86236051,5,6,2020,17,21,29
89452912,91279930,11,6,2020,15,56,23
83565519,97669167,16,6,2020,22,38,16
84152130,94937254,12,6,2020,15,1,32
89189292,87556079,21,6,2020,12,45,49
95533988,88663180,4,6,2020,12,20,57
97049861,90117867,27,6,2020,23,28,26
96452188,84970650,22,6,2020,23,29,52
97342888,82441296,25,6,2020,19,5,35
97418463,87571727,1,6,2020,23,59,14
96349065,93026056,15,6,2020,16,2,45
95108163,96980933,12,6,2020,12,37,30
95120727,98695821,21,6,2020,11,1,55
97066161,93550249,24,6,2020,19,15,28
96534042,92179861,2,6,2020,20,37,52
97355044,85096611,17,6,2020,13,55,52
96906208,88245472,16,6,2020,21,26,50
95934907,91438724,5,6,2020,19,10,51
96300922,98367583,4,6,2020,13,54,2
97493653,97499698,18,6,2020,16,14,53
95953071,82465268,7,6,2020,19,3,45
95206875,88663180,18,6,2020,10,21,20
95951863,88561944,19,6,2020,18,16,18
95314517,90737405,26,6,2020,22,7,46
95850197,88379303,24,6,2020,17,27,49
93079538,91985733,13,6,2020,21,20,6
93811309,93462125,13,6,2020,16,8,36
93066423,97516109,19,6,2020,19,22,7
93208742,97306153,10,6,2020,21,27,7
93005604,82076452,7,6,2020,14,6,19
93694916,91692189,20,6,2020,20,8,41
98642868,90614765,11,6,2020,18,29,31
98245743,81652188,13,6,2020,17,33,55
98073134,88663180,11,6,2020,18,15,31
98717502,98176625,6,6,2020,11,5,24
89641065,95322105,28,6,2020,15,38,54
82358904,84423986,2,6,2020,17,45,8
88659920,84584626,21,6,2020,14,24,4
82513299,86068676,1,6,2020,22,10,48
87275425,82893896,18,6,2020,20,14,22
84002054,85950184,22,6,2020,18,54,46
84693045,83390189,15,6,2020,18,45,41
81879877,90432625,1,6,2020,23,43,59
81522949,98246189,22,6,2020,19,49,2
89032684,83240402,9,6,2020,16,36,5
87401429,98167792,9,6,2020,17,37,7
81659929,88946649,26,6,2020,15,43,51
88576527,84341055,2,6,2020,14,51,42
85804088,85893119,23,6,2020,20,36,55
85720570,84370300,15,6,2020,14,10,20
86147694,84455169,8,6,2020,10,19,34
84369209,86884097,20,6,2020,22,39,49
85105002,92226269,28,6,2020,19,27,44
87936258,84450449,26,6,2020,13,3,31
88031508,90752028,28,6,2020,16,30,55
84393772,94619227,24,6,2020,12,39,5
89102729,84165832,23,6,2020,17,51,39
88663180,93307118,3,6,2020,12,6,3
87188603,85313332,24,6,2020,21,47,59
88164070,98941610,25,6,2020,20,57,25
87986883,95768275,19,6,2020,17,51,12
89436715,94403398,9,6,2020,23,11,13
89612468,81997264,28,6,2020,19,29,5
90783725,93499533,18,6,2020,16,21,47
86168741,94028093,12,6,2020,13,12,11
82516577,83623522,21,6,2020,20,39,11
85115120,89500463,13,6,2020,16,47,16
85438917,90655318,1,6,2020,13,4,50
88979419,93246938,20,6,2020,15,15,13
89429379,81997264,8,6,2020,11,33,0
85432242,98660218,5,6,2020,13,40,0
89652779,88216234,9,6,2020,9,0,24
85534540,91839108,10,6,2020,9,30,45
89838247,96867138,18,6,2020,14,23,24
83271986,89149164,26,6,2020,9,29,34
87004772,93915967,6,6,2020,21,40,14
89096301,89776978,19,6,2020,12,16,52
89815226,89793095,18,6,2020,9,53,57
86352795,97253356,18,6,2020,16,31,24
85654683,81997264,15,6,2020,13,5,26
90432614,87440575,20,6,2020,9,18,25
89070733,88659195,11,6,2020,22,19,9
90822489,88271573,3,6,2020,13,57,17
88639154,97334199,14,6,2020,10,47,20
83131862,83604195,7,6,2020,9,57,38
85512370,89146026,16,6,2020,12,10,33
88940894,95902614,5,6,2020,10,36,15
89545063,85016139,5,6,2020,11,21,38
85027994,98440550,28,6,2020,14,35,16
88830287,81997264,18,6,2020,9,10,4
82714314,91581690,22,6,2020,23,6,31
84948146,88729587,7,6,2020,23,30,25
82510406,89547043,1,6,2020,21,40,42
84496669,93085036,12,6,2020,20,31,32
87500627,91339750,24,6,2020,20,36,42
88447046,92477426,12,6,2020,10,12,8
84104783,87128286,17,6,2020,23,29,16
81462564,89204978,28,6,2020,10,36,8
84087905,98830623,23,6,2020,17,5,48
90306868,84174137,23,6,2020,19,9,31
88373646,88951845,16,6,2020,13,23,22
83241720,81852279,3,6,2020,22,0,57
88036404,97567965,22,6,2020,17,35,33
90665932,83349670,21,6,2020,16,13,53
83927318,88081041,24,6,2020,23,58,18
90691576,97003400,5,6,2020,14,18,24
88683283,86237887,11,6,2020,17,40,5
81736153,84944652,8,6,2020,16,11,2
85029409,96283932,26,6,2020,21,8,48
85521019,86416735,26,6,2020,21,31,38
84600915,88582352,18,6,2020,19,41,26
81506329,90245928,12,6,2020,12,42,4
85924370,90176315,20,6,2020,16,36,45
89084415,85443827,19,6,2020,10,54,26
91129089,98280688,24,6,2020,10,31,19
89819473,89744523,16,6,2020,15,26,32
88086885,91143481,1,6,2020,23,33,40
90279026,97993381,1,6,2020,17,45,4
90613628,83240679,13,6,2020,12,43,46
81708588,90385656,21,6,2020,9,13,59
90025149,97422893,10,6,2020,14,33,9
89881773,91512473,23,6,2020,15,24,18
86971894,96411829,22,6,2020,14,42,58
84185579,88288173,28,6,2020,23,49,25
89139662,98038554,20,6,2020,16,22,54
81997264,89906094,20,6,2020,15,12,49
85786858,81893594,10,6,2020,17,59,21
90891148,89370452,16,6,2020,19,15,20
89274112,86013246,3,6,2020,13,2,55
82820993,98045661,5,6,2020,16,44,21
89452912,98821615,6,6,2020,20,57,12
83565519,91343140,6,6,2020,9,21,28
84152130,90566302,8,6,2020,20,4,30
89189292,86098719,16,6,2020,10,13,53
95533988,89124110,14,6,2020,9,16,26
97049861,89324912,3,6,2020,10,47,28
96452188,95923961,23,6,2020,20,49,52
97342888,83045732,17,6,2020,19,40,59
97418463,90749034,10,6,2020,11,13,46
96349065,82771453,24,6,2020,19,45,9
95108163,85244501,23,6,2020,13,42,5
95120727,82969525,24,6,2020,21,21,39
97066161,89381628,7,6,2020,16,55,42
96534042,84785541,19,6,2020,13,52,25
97355044,97765522,26,6,2020,14,41,11
96906208,87571396,15,6,2020,9,28,33
95934907,96231070,9,6,2020,21,29,42
96300922,98892942,25,6,2020,22,51,11
97493653,87176345,25,6,2020,19,56,17
95953071,86486139,10,6,2020,10,19,20
95206875,94924292,17,6,2020,9,47,38
95951863,94449320,12,6,2020,18,29,10
95314517,93606590,21,6,2020,10,30,59
95850197,92590919,5,6,2020,9,46,11
93079538,95730886,10,6,2020,11,28,26
93811309,94565875,17,6,2020,19,23,24
93066423,94737003,14,6,2020,20,26,6
93208742,89800035,24,6,2020,23,21,26
93005604,86243461,1,6,2020,11,41,39
93694916,82951042,1,6,2020,23,10,35
98642868,92478750,23,6,2020,12,4,47
98245743,94305168,22,6,2020,18,21,14
98073134,94528331,18,6,2020,17,7,57
98717502,85438917,2,6,2020,9,10,14
89641065,82785697,27,6,2020,16,56,54
82358904,98968373,2,6,2020,12,5,45
88659920,87877929,8,6,2020,15,18,24
82513299,83878621,21,6,2020,21,46,44
87275425,86841981,21,6,2020,19,17,25
84002054,85438917,16,6,2020,13,38,21
84693045,92958339,28,6,2020,17,27,13
81879877,98786126,16,6,2020,20,48,4
81522949,93002333,1,6,2020,23,41,18
89032684,87247767,23,6,2020,19,31,11
87401429,94188375,9,6,2020,18,22,25
81659929,88022573,9,6,2020,16,48,15
88576527,93421785,28,6,2020,13,35,32
85804088,98575410,28,6,2020,18,38,54
85720570,85438917,17,6,2020,10,11,30
86147694,91745519,19,6,2020,12,2,47
84369209,88629770,28,6,2020,18,42,31
85105002,96575512,20,6,2020,15,44,12
87936258,96882036,10,6,2020,19,33,16
88031508,85053896,16,6,2020,16,5,34
84393772,95599522,24,6,2020,11,39,52
89102729,89796128,20,6,2020,16,12,43
88663180,97604720,27,6,2020,12,31,44
87188603,83329004,16,6,2020,14,29,15
88164070,87756094,13,6,2020,19,6,51
87986883,83310248,28,6,2020,14,13,24
89436715,85438917,15,6,2020,16,17,42
89612468,96689023,8,6,2020,10,39,56
90783725,94263906,24,6,2020,20,59,51
86168741,96799768,27,6,2020,14,47,47
82516577,87844758,14,6,2020,15,24,5
85115120,91432012,27,6,2020,18,0,57
85438917,88080440,1,6,2020,16,57,6
88979419,85055044,4,6,2020,17,44,12
89429379,85438917,6,6,2020,21,36,27
85432242,98598724,3,6,2020,20,58,15
89652779,88364788,1,6,2020,13,44,11
85534540,97483699,8,6,2020,11,33,3
89838247,95041359,28,6,2020,21,19,24
83271986,98337115,27,6,2020,15,27,23
87004772,95307318,19,6,2020,10,36,23
89096301,97758632,28,6,2020,13,37,10
89815226,87157959,21,6,2020,9,58,40
86352795,85490423,3,6,2020,16,23,45
85654683,86572608,22,6,2020,18,59,28
90432614,83070988,17,6,2020,17,23,41
89070733,98965437,12,6,2020,17,17,35
90822489,85245415,5,6,2020,18,52,57
88639154,97396758,10,6,2020,19,42,12
83131862,84349179,21,6,2020,18,27,49
85512370,82718357,16,6,2020,9,28,54
88940894,90084532,4,6,2020,23,25,53
89545063,95378643,24,6,2020,11,5,48
85027994,94331801,16,6,2020,10,16,59
88830287,86219559,25,6,2020,9,11,25
82714314,90607075,15,6,2020,13,3,51
84948146,96979732,1,6,2020,12,32,36
82510406,90272028,26,6,2020,21,10,32
84496669,93019140,18,6,2020,22,50,35
87500627,94804600,6,6,2020,12,42,32
88447046,94742515,8,6,2020,23,55,21
84104783,94658652,27,6,2020,14,43,32
81462564,96117562,26,6,2020,9,32,52
84087905,81892733,6,6,2020,14,4,33
90306868,88756449,6,6,2020,16,26,30
88373646,81485487,4,6,2020,17,20,51
83241720,94875958,17,6,2020,14,51,50
88036404,87405396,27,6,2020,16,20,31
90665932,92309565,21,6,2020,9,5,20
83927318,82398946,3,6,2020,14,44,22
90691576,93548280,22,6,2020,16,19,40
88683283,85996386,18,6,2020,14,15,58
81736153,95347583,18,6,2020,21,47,15
85029409,94071827,1,6,2020,17,58,2
85521019,95801972,22,6,2020,9,43,46
84600915,97629095,7,6,2020,13,10,28
81506329,88359865,28,6,2020,18,3,21
85924370,82189004,8,6,2020,20,30,51
89084415,85682234,17,6,2020,22,7,41
91129089,90181243,1,6,2020,15,27,14
89819473,88929820,15,6,2020,22,57,28
88086885,83223156,19,6,2020,17,54,41
90279026,85887571,25,6,2020,22,53,5
90613628,83859172,9,6,2020,13,17,49
81708588,87401429,28,6,2020,18,40,53
90025149,96771401,20,6,2020,17,17,9
89881773,89582661,25,6,2020,18,28,56
86971894,91608959,28,6,2020,9,7,23
84185579,94710104,2,6,2020,9,16,12
89139662,90427205,22,6,2020,18,30,17
81997264,97530491,26,6,2020,10,5,51
85786858,83893934,18,6,2020,10,20,2
90891148,87401429,16,6,2020,10,17,21
89274112,83474305,4,6,2020,18,16,32
82820993,93159745,14,6,2020,13,1,10
89452912,87024600,19,6,2020,13,25,29
83565519,81645620,5,6,2020,16,10,44
84152130,98654374,11,6,2020,18,32,54
89189292,91400753,28,6,2020,23,38,21
95533988,88504663,14,6,2020,15,1,6
97049861,83891726,8,6,2020,18,11,50
96452188,87401429,18,6,2020,20,59,1
97342888,89667316,2,6,2020,13,9,12
97418463,91662003,9,6,2020,19,13,22
96349065,94491305,15,6,2020,10,21,39
95108163,92096877,13,6,2020,9,57,46
95120727,81478981,25,6,2020,13,52,34
97066161,98117113,23,6,2020,14,54,6
96534042,87870896,3,6,2020,18,50,59
97355044,90155547,6,6,2020,15,33,53
96906208,92201692,20,6,2020,19,32,40
95934907,88209615,9,6,2020,17,25,6
96300922,87911779,27,6,2020,10,5,31
97493653,92651324,24,6,2020,13,53,57
95953071,87401429,13,6,2020,17,14,5
95206875,97384893,20,6,2020,20,34,19
95951863,81671254,28,6,2020,16,18,3
95314517,95058437,14,6,2020,22,46,7
95850197,93996128,13,6,2020,19,33,30
93079538,83140258,8,6,2020,20,23,1
93811309,95379318,12,6,2020,12,38,19
93066423,98052235,26,6,2020,10,12,26
93208742,94310441,2,6,2020,21,9,56
93005604,90312552,16,6,2020,10,18,5
93694916,93719113,5,6,2020,9,40,29
98642868,92968064,7,6,2020,16,48,5
98245743,87401429,20,6,2020,17,0,48
98073134,94212998,7,6,2020,17,13,10
98717502,98134445,16,6,2020,18,30,59
89641065,96753257,14,6,2020,22,19,20
82358904,93657225,10,6,2020,17,41,24
88659920,90247533,25,6,2020,10,14,37
82513299,88531405,6,6,2020,20,5,35
87275425,94203503,8,6,2020,18,57,0
84002054,83593181,22,6,2020,17,46,30
84693045,93544406,19,6,2020,16,8,27
81879877,88772594,13,6,2020,9,48,42
81522949,82153179,13,6,2020,19,45,52
89032684,95260981,13,6,2020,13,22,45
87401429,84914151,19,6,2020,17,4,19
81659929,88999636,26,6,2020,13,18,33
88576527,83779294,18,6,2020,19,44,3
85804088,84422281,24,6,2020,10,3,57
85720570,89836491,21,6,2020,14,26,57
86147694,87661824,25,6,2020,23,57,50
84369209,84804644,28,6,2020,18,24,27
85105002,85613827,9,6,2020,21,26,32
87936258,94143587,23,6,2020,14,15,57
88031508,98689088,8,6,2020,10,16,6
84393772,94218226,27,6,2020,22,29,18
89102729,83307905,27,6,2020,16,49,14
88663180,94955974,19,6,2020,20,48,37
87188603,90984608,26,6,2020,22,17,6
88164070,98172765,28,6,2020,13,6,21
87986883,97469232,14,6,2020,22,7,10
89436715,93514010,16,6,2020,11,29,50
89612468,98664166,14,6,2020,17,45,27
90783725,95865973,3,6,2020,15,34,47
86168741,96226533,9,6,2020,12,18,9
82516577,98621447,2,6,2020,20,56,0
85115120,98604836,18,6,2020,13,28,46
85438917,89968956,20,6,2020,13,56,58
88979419,96646178,2,6,2020,19,37,4
89429379,87459435,15,6,2020,10,41,56
85432242,82086170,8,6,2020,14,5,30
89652779,97638547,6,6,2020,22,6,25
85534540,95303571,13,6,2020,14,56,35
89838247,84128976,13,6,2020,21,4,6
83271986,95742217,25,6,2020,10,22,36
87004772,91229875,18,6,2020,12,3,0
89096301,81821187,1,6,2020,15,45,9
89815226,84619360,10,6,2020,9,43,26
86352795,82714314,7,6,2020,20,4,12
85654683,94893852,26,6,2020,14,5,6
90432614,86477316,20,6,2020,12,59,16
89070733,84081832,26,6,2020,13,5,38
90822489,95441127,11,6,2020,13,12,14
88639154,98959109,14,6,2020,22,59,6
83131862,89881773,11,6,2020,21,5,58
85512370,82409044,10,6,2020,23,35,18
88940894,88922104,22,6,2020,16,29,6
89545063,95533760,24,6,2020,11,23,13
85027994,82714314,7,6,2020,19,59,51
88830287,88355065,11,6,2020,16,30,4
82714314,90714964,20,6,2020,22,14,23
84948146,97935542,19,6,2020,22,21,33
82510406,87228157,8,6,2020,20,42,32
84496669,98044518,19,6,2020,15,54,33
87500627,89881773,25,6,2020,10,11,9
88447046,94222759,10,6,2020,12,56,15
84104783,88916306,19,6,2020,22,53,28
81462564,88862709,6,6,2020,18,32,24
84087905,90548351,20,6,2020,14,11,59
90306868,89650142,28,6,2020,22,39,46
88373646,81796659,5,6,2020,14,9,15
83241720,98574542,19,6,2020,23,34,9
88036404,89881773,9,6,2020,20,34,6
90665932,92881624,5,6,2020,16,25,35
83927318,85994004,19,6,2020,23,59,25
90691576,92290901,3,6,2020,21,8,9
88683283,98389449,22,6,2020,13,47,3
81736153,86829263,14,6,2020,21,28,17
85029409,94716141,19,6,2020,15,52,9
85521019,82299377,28,6,2020,11,53,16
84600915,98945802,21,6,2020,20,33,49
81506329,91032185,10,6,2020,11,52,24
85924370,97579467,24,6,2020,14,25,2
89084415,94651318,12,6,2020,13,43,25
91129089,97620866,21,6,2020,23,3,22
89819473,97762113,16,6,2020,20,52,48
88086885,90462364,19,6,2020,12,55,35
90279026,87718611,23,6,2020,13,59,7
90613628,96491901,14,6,2020,9,8,32
81708588,89881773,20,6,2020,10,43,15
90025149,95981826,7,6,2020,17,59,20
89881773,82230261,9,6,2020,10,49,9
86971894,93001833,10,6,2020,11,42,5
84185579,96818397,15,6,2020,12,22,9
89139662,97741405,6,6,2020,16,51,15
81997264,96670297,19,6,2020,13,20,55
85786858,86004642,11,6,2020,14,59,43
90891148,89540516,7,6,2020,23,56,40
89274112,83899224,20,6,2020,18,25,23
82820993,83616923,3,6,2020,21,8,22
89452912,88082719,3,6,2020,22,52,19
83565519,87408973,3,6,2020,13,10,22
84152130,86005452,10,6,2020,23,37,59
89189292,82986352,4,6,2020,12,51,56
95533988,96746110,20,6,2020,23,52,12
97049861,88146218,3,6,2020,18,40,25
96452188,96714815,16,6,2020,17,16,44
97342888,95237020,3,6,2020,12,26,16
97418463,93064430,27,6,2020,19,57,27
96349065,88671077,27,6,2020,10,22,48
95108163,83283648,2,6,2020,16,55,8
95120727,90311921,5,6,2020,9,37,29
97066161,93013327,15,6,2020,20,16,0
96534042,87872750,18,6,2020,20,16,58
97355044,82922073,14,6,2020,20,0,10
96906208,87182429,13,6,2020,20,35,28
95934907,92429534,9,6,2020,21,22,17
96300922,89518714,23,6,2020,15,42,4
97493653,87854271,19,6,2020,23,37,59
95953071,84329488,12,6,2020,13,36,37
95206875,93928276,25,6,2020,14,52,20
95951863,96552826,1,6,2020,22,9,13
95314517,97113022,15,6,2020,19,52,38
95850197,87440450,13,6,2020,15,43,31
93079538,84481903,22,6,2020,12,51,58
93811309,82680110,21,6,2020,11,43,25
93066423,91850755,1,6,2020,21,42,55
93208742,87297013,4,6,2020,22,33,37
93005604,90309208,11,6,2020,12,27,57
93694916,95268647,23,6,2020,23,15,11
98642868,92271674,1,6,2020,20,1,6
98245743,98201998,3,6,2020,23,57,30
98073134,82944074,4,6,2020,18,39,53
98717502,92821227,25,6,2020,14,25,2
89641065,84713105,24,6,2020,15,33,31
82358904,83701619,25,6,2020,16,28,16
88659920,86175028,24,6,2020,11,45,21
82513299,85692996,2,6,2020,18,26,15
87275425,95648877,19,6,2020,21,21,31
84002054,86205172,7,6,2020,11,49,49
84693045,97736305,23,6,2020,9,29,8
81879877,90501910,28,6,2020,9,0,51
81522949,92823468,15,6,2020,18,56,15
89032684,86013883,8,6,2020,17,48,29
87401429,92705685,24,6,2020,14,9,9
81659929,87722152,20,6,2020,13,20,58
88576527,98903964,12,6,2020,18,34,46
85804088,97138166,17,6,2020,17,10,14
85720570,84828167,22,6,2020,20,45,55
86147694,81970225,4,6,2020,12,6,21
84369209,91605561,22,6,2020,13,8,14
85105002,96582566,9,6,2020,23,15,4
87936258,98144982,5,6,2020,10,42,32
88031508,90413896,28,6,2020,12,56,21
84393772,95622446,19,6,2020,11,23,22
89102729,83410071,2,6,2020,13,44,45
88663180,82714314,17,6,2020,16,9,59
87188603,95134705,5,6,2020,18,48,38
88164070,96589904,16,6,2020,12,38,2
87986883,86605761,24,6,2020,18,49,18
89436715,88064593,5,6,2020,14,17,56
89612468,92006999,12,6,2020,19,10,27
90783725,97702719,22,6,2020,17,13,14
86168741,93135885,8,6,2020,17,35,41
82516577,82854576,23,6,2020,22,47,6
85115120,94984588,16,6,2020,10,26,42
85438917,93293938,19,6,2020,13,49,22
88979419,82714314,13,6,2020,16,41,58
89429379,97929099,20,6,2020,12,50,5
85432242,98984956,11,6,2020,20,43,9
89652779,86879955,10,6,2020,17,20,48
85534540,85099973,27,6,2020,21,53,52
89838247,89247446,27,6,2020,22,36,42
83271986,86442116,4,6,2020,13,54,39
87004772,89975865,4,6,2020,13,39,1
89096301,98348292,3,6,2020,17,53,25
89815226,81590506,13,6,2020,13,50,31
86352795,83751476,21,6,2020,22,31,46
85654683,97386871,13,6,2020,21,52,1
90432614,85776738,1,6,2020,14,52,32
89070733,82714314,19,6,2020,15,10,38
90822489,91343830,9,6,2020,13,9,8
88639154,95872038,20,6,2020,23,13,27
83131862,86563261,3,6,2020,16,47,26
85512370,88793745,17,6,2020,16,55,52
88940894,98836565,23,6,2020,18,49,45
89545063,85408451,2,6,2020,19,37,29
85027994,81550719,23,6,2020,18,5,9
88830287,85020893,15,6,2020,18,23,30
82714314,92394070,11,6,2020,9,56,36
84948146,84650123,11,6,2020,17,26,55
82510406,87894516,1,6,2020,9,58,9
84496669,96735735,8,6,2020,22,44,20
87500627,87102644,11,6,2020,15,29,3
88447046,97288422,26,6,2020,14,45,8
84104783,97538270,9,6,2020,11,40,26
81462564,96489833,7,6,2020,15,41,59
84087905,89526496,4,6,2020,9,30,33
90306868,92052782,20,6,2020,19,11,12
88373646,85080337,11,6,2020,15,0,53
83241720,84479077,11,6,2020,17,58,3
88036404,85576049,23,6,2020,19,45,54
90665932,85421193,12,6,2020,9,4,49
83927318,86836964,21,6,2020,17,52,59
90691576,85955714,8,6,2020,23,50,13
88683283,89616672,6,6,2020,13,36,26
81736153,83206052,15,6,2020,20,6,18
85029409,86180176,19,6,2020,22,41,52
85521019,90771493,24,6,2020,16,21,51
84600915,88866922,27,6,2020,13,5,32
81506329,97442223,20,6,2020,15,59,34
85924370,94365435,12,6,2020,13,52,14
89084415,84044425,25,6,2020,15,34,4
91129089,82860174,22,6,2020,22,8,25
89819473,98558908,14,6,2020,11,34,3
88086885,88628204,12,6,2020,21,57,13
90279026,96038327,23,6,2020,21,56,49
90613628,85696703,8,6,2020,21,15,13
81708588,88276110,5,6,2020,21,29,37
90025149,90203124,2,6,2020,22,11,38
89881773,82855983,26,6,2020,18,44,42
86971894,87216170,23,6,2020,10,46,35
84185579,97930879,4,6,2020,18,6,15
89139662,95332425,14,6,2020,20,40,19
81997264,87928182,10,6,2020,20,57,45
85786858,95114821,17,6,2020,15,27,33
90891148,96493225,8,6,2020,20,25,16
89274112,81880829,2,6,2020,14,1,10
82820993,97438590,12,6,2020,14,34,39
89452912,85684698,5,6,2020,10,24,42
83565519,93557600,2,6,2020,16,58,15
84152130,84751036,22,6,2020,20,35,36
89189292,83738050,16,6,2020,16,58,8
95533988,93488054,19,6,2020,21,53,59
97049861,81864737,22,6,2020,15,32,5
96452188,90561257,4,6,2020,18,15,20
97342888,97774111,4,6,2020,21,28,49
97418463,84874486,11,6,2020,18,37,34
96349065,93357282,15,6,2020,10,33,11
95108163,82121829,18,6,2020,20,11,36
95120727,87871965,12,6,2020,14,19,21
97066161,85765643,9,6,2020,19,17,30
96534042,94780864,21,6,2020,11,15,33
97355044,96768133,10,6,2020,13,5,12
96906208,89444637,5,6,2020,21,34,19
95934907,95366353,22,6,2020,13,35,9
96300922,87536840,13,6,2020,14,27,14
97493653,95899615,15,6,2020,21,41,16
95953071,82466990,27,6,2020,21,3,34
95206875,93216486,18,6,2020,10,46,6
95951863,88201295,9,6,2020,18,48,47
95314517,91335051,25,6,2020,15,34,18
95850197,93616662,21,6,2020,12,43,24
93079538,92178366,6,6,2020,20,45,16
93811309,94287735,19,6,2020,16,9,49
93066423,95433029,21,6,2020,9,21,44
93208742,84948988,21,6,2020,12,56,22
93005604,87469702,8,6,2020,19,9,14
93694916,83214964,3,6,2020,12,55,13
98642868,85794911,4,6,2020,18,11,40
98245743,94913451,7,6,2020,23,45,29
98073134,97177889,11,6,2020,9,46,4
98717502,94839665,24,6,2020,11,9,33
89641065,89791290,21,6,2020,20,8,0
82358904,91266044,26,6,2020,11,34,26
88659920,89158524,16,6,2020,11,24,43
82513299,83594905,28,6,2020,10,15,26
87275425,84993090,26,6,2020,15,34,8
84002054,97387506,27,6,2020,12,17,0
84693045,93119043,27,6,2020,21,47,51
81879877,91965966,16,6,2020,15,10,25
81522949,90610535,5,6,2020,18,3,5
89032684,98011055,11,6,2020,18,8,22
87401429,81566086,26,6,2020,17,27,3
81659929,92312745,9,6,2020,16,49,37
88576527,95464889,22,6,2020,16,12,51
85804088,84267993,10,6,2020,9,53,43
85720570,84666532,21,6,2020,14,28,32
86147694,96054805,1,6,2020,22,21,50
84369209,83286805,19,6,2020,22,54,46
85105002,96353051,11,6,2020,14,18,7
87936258,89152884,28,6,2020,15,41,5
88031508,98439379,1,6,2020,15,2,40
84393772,87424785,11,6,2020,9,34,12
89102729,92082653,18,6,2020,9,56,4
88663180,84114031,13,6,2020,12,15,8
87188603,97180033,21,6,2020,10,18,54
88164070,87236306,25,6,2020,23,23,14
87986883,88751561,17,6,2020,21,47,12
89436715,91576767,7,6,2020,18,58,10
89612468,82113710,24,6,2020,21,0,42
90783725,85980660,10,6,2020,21,53,28
86168741,96345531,19,6,2020,23,47,28
82516577,83082451,3,6,2020,17,43,13
85115120,91439837,16,6,2020,19,1,48
85438917,82376843,14,6,2020,22,50,24
88979419,81643367,1,6,2020,10,29,25
89429379,94917894,14,6,2020,19,13,9
85432242,92626555,25,6,2020,23,10,3
89652779,81658524,14,6,2020,12,42,10
85534540,96805450,19,6,2020,19,49,30
89838247,97366463,10,6,2020,16,49,27
83271986,92716351,26,6,2020,15,4,42
87004772,90454644,24,6,2020,21,11,14
89096301,88134631,15,6,2020,22,50,39
89815226,84465959,28,6,2020,20,45,20
86352795,94377040,8,6,2020,20,18,31
85654683,87145951,6,6,2020,13,55,56
90432614,97093510,1,6,2020,20,23,28
89070733,98819126,15,6,2020,19,26,23
90822489,89611384,26,6,2020,19,48,36
88639154,84457943,8,6,2020,16,17,40
83131862,87809408,27,6,2020,12,40,50
85512370,97377373,9,6,2020,13,57,32
88940894,90793449,15,6,2020,16,57,32
89545063,98948507,6,6,2020,18,7,29
85027994,91620295,20,6,2020,12,43,28
88830287,83262901,24,6,2020,23,44,19
82714314,94846959,7,6,2020,14,0,26
84948146,81797556,23,6,2020,19,30,1
82510406,82126965,19,6,2020,19,41,57
84496669,84369209,4,6,2020,20,0,52
87500627,88228331,3,6,2020,13,5,46
88447046,87433945,14,6,2020,11,16,6
84104783,93872102,1,6,2020,20,39,22
81462564,92325078,13,6,2020,18,0,35
84087905,84369209,27,6,2020,20,6,40
90306868,83808365,20,6,2020,22,32,15
88373646,90691576,21,6,2020,23,51,24
83241720,96285873,10,6,2020,20,12,23
88036404,97060473,17,6,2020,23,38,19
90665932,93687058,5,6,2020,12,0,35
83927318,90691576,11,6,2020,20,38,50
90691576,95156852,24,6,2020,10,3,21
88683283,86821374,28,6,2020,18,52,48
81736153,89418069,25,6,2020,17,1,36
85029409,89534908,15,6,2020,17,57,13
85521019,94628739,4,6,2020,9,2,9
84600915,84663050,16,6,2020,16,7,24
81506329,96889353,24,6,2020,16,53,16
85924370,93382177,16,6,2020,11,44,11
89084415,84369209,14,6,2020,11,0,47
91129089,86435867,7,6,2020,22,53,9
89819473,89728069,11,6,2020,9,23,36
88086885,93091310,15,6,2020,11,41,9
90279026,84472934,26,6,2020,12,21,33
90613628,82255331,24,6,2020,12,20,10
81708588,98252449,1,6,2020,9,26,19
90025149,93951080,18,6,2020,23,2,58
89881773,98211646,17,6,2020,11,51,55
86971894,83842209,25,6,2020,15,11,0
84185579,82177091,15,6,2020,10,40,43
89139662,85375263,17,6,2020,9,18,2
81997264,88953753,21,6,2020,18,11,56
85786858,88947561,28,6,2020,12,38,58
90891148,95641679,10,6,2020,19,6,34
89274112,88262167,20,6,2020,12,38,15
82820993,84411731,28,6,2020,12,50,5
89452912,85037393,26,6,2020,16,57,33
83565519,90203169,9,6,2020,23,11,33
84152130,98015442,25,6,2020,17,31,53
89189292,95096836,23,6,2020,20,25,2
95533988,92453584,3,6,2020,17,46,49
97049861,88129463,6,6,2020,13,45,26
96452188,84369209,10,6,2020,16,23,36
97342888,90826581,6,6,2020,20,27,19
97418463,97678054,20,6,2020,23,26,42
96349065,94965068,7,6,2020,11,6,26
95108163,97781710,14,6,2020,19,12,9
95120727,84705859,25,6,2020,23,16,58
97066161,83603351,9,6,2020,14,58,42
96534042,81706401,2,6,2020,11,37,56
97355044,85377285,10,6,2020,10,38,43
96906208,82761785,6,6,2020,11,33,52
95934907,97715022,8,6,2020,22,15,45
96300922,98764212,26,6,2020,20,4,40
97493653,88662185,24,6,2020,19,41,15
95953071,95440516,8,6,2020,19,56,40
95206875,85637960,18,6,2020,22,11,31
95951863,86553126,16,6,2020,12,22,21
95314517,93875219,28,6,2020,11,58,36
95850197,88038181,16,6,2020,20,44,0
93079538,96104954,26,6,2020,22,34,55
93811309,93056846,28,6,2020,19,51,35
93066423,94481145,17,6,2020,13,18,43
93208742,85717942,14,6,2020,12,42,38
93005604,88354248,13,6,2020,17,39,59
93694916,98929971,16,6,2020,19,20,28
98642868,88158594,10,6,2020,9,18,55
98245743,97497552,20,6,2020,13,12,22
98073134,90691576,28,6,2020,23,11,19
98717502,91575799,3,6,2020,17,34,18
