MobileNO,NearByMobileNo
89819473,90342575
89819473,82907428
89819473,93379653
89819473,92604523
89819473,95584518
89819473,82491564
89819473,84362779
89819473,97869024
89819473,89592529
89819473,82186158
89819473,94098066
89819473,98424515
89819473,87011926
89819473,87169179
89819473,89744523
89819473,88929820
89641065,96767204
89641065,92389710
89641065,87840800
89641065,82387492
89641065,93702687
89641065,89030680
89641065,88761637
89641065,88155651
89641065,88375102
89641065,91737675
89641065,87289798
89641065,90335869
89641065,89674324
89641065,98411765
89641065,95322105
89641065,82785697
89641065,96753257
82358904,98292664
82358904,83552679
82358904,93121300
82358904,87607215
82358904,98393549
82358904,86790786
82358904,85016807
82358904,89045487
82358904,97418709
82358904,95612202
82358904,91798564
82358904,96940353
82358904,82829214
82358904,89314941
82358904,84423986
82358904,98968373
82358904,93657225
88659920,88673561
88659920,85045239
88659920,86158618
88659920,88451950
88659920,88440724
88659920,98034563
88659920,96396277
88659920,98405464
88659920,95442189
88659920,96564320
88659920,84345050
88659920,85838803
88659920,85034541
88659920,88482867
88659920,84584626
88659920,87877929
88659920,90247533
82513299,95510713
82513299,93921643
82513299,96772752
82513299,96711211
82513299,90887501
82513299,86922444
82513299,94296048
82513299,91376868
82513299,82522732
82513299,93785057
82513299,82464907
82513299,89640033
82513299,87652509
82513299,86456009
82513299,86068676
82513299,83878621
82513299,88531405
87275425,96434040
87275425,97516797
87275425,92973449
87275425,94077753
87275425,83545039
87275425,83370007
87275425,86056185
87275425,88020404
87275425,82872034
87275425,83763112
87275425,92361489
87275425,93067795
87275425,85618166
87275425,98560527
87275425,82893896
87275425,86841981
87275425,94203503
84002054,98988131
84002054,85917796
84002054,86598515
84002054,88387223
84002054,95765030
84002054,86987755
84002054,93531346
84002054,92322060
84002054,96233092
84002054,83084373
84002054,85148780
84002054,93925131
84002054,97249400
84002054,82991809
84002054,85950184
84002054,85438917
84002054,83593181
84693045,95546248
84693045,95060212
84693045,95419273
84693045,87019412
84693045,96602824
84693045,94936473
84693045,84679767
84693045,89616816
84693045,97737807
84693045,97001185
84693045,94782719
84693045,83404306
84693045,83369489
84693045,83779480
84693045,83390189
84693045,92958339
84693045,93544406
81879877,83784495
81879877,98270347
81879877,91009410
81879877,92279031
81879877,85438917
81879877,97550667
81879877,87331132
81879877,91697639
81879877,94180730
81879877,96953745
81879877,83100399
81879877,87209299
81879877,90900491
81879877,97662251
81879877,90432625
81879877,98786126
81879877,88772594
81522949,96980181
81522949,86820553
81522949,94372246
81522949,85734719
81522949,91339235
81522949,83976905
81522949,81833406
81522949,85021244
81522949,94679866
81522949,86131434
81522949,94728999
81522949,96231465
81522949,94907717
81522949,97924686
81522949,98246189
81522949,93002333
81522949,82153179
89032684,89396549
89032684,91341795
89032684,98425547
89032684,82927081
89032684,94742210
89032684,83613580
89032684,96491869
89032684,86542824
89032684,85271467
89032684,84109938
89032684,84255650
89032684,94059337
89032684,91219442
89032684,81624901
89032684,83240402
89032684,87247767
89032684,95260981
87401429,82905677
87401429,95489403
87401429,83521879
87401429,92852496
87401429,92940731
87401429,85438917
87401429,85568511
87401429,96041132
87401429,88193955
87401429,83131424
87401429,82166786
87401429,91424031
87401429,88719439
87401429,91323676
87401429,98167792
87401429,94188375
87401429,84914151
81659929,93167314
81659929,97010026
81659929,97484915
81659929,98931457
81659929,94925954
81659929,98767178
81659929,92747799
81659929,97196098
81659929,98792560
81659929,83715791
81659929,84781275
81659929,85500794
81659929,88057459
81659929,87961008
81659929,88946649
81659929,88022573
81659929,88999636
88576527,96887065
88576527,95508944
88576527,96576575
88576527,85920869
88576527,96483982
88576527,86320011
88576527,94408628
88576527,91170867
88576527,87669675
88576527,88652587
88576527,95641096
88576527,95878543
88576527,87342926
88576527,97487554
88576527,84341055
88576527,93421785
88576527,83779294
85804088,92383863
85804088,91439812
85804088,93392694
85804088,83512607
85804088,96100490
85804088,98704390
85804088,85124550
85804088,98211713
85804088,95267792
85804088,97203725
85804088,92227651
85804088,93392072
85804088,84555431
85804088,86586104
85804088,85893119
85804088,98575410
85804088,84422281
85720570,89789506
85720570,89870521
85720570,84351832
85720570,81781272
85720570,81702729
85720570,82971272
85720570,86032609
85720570,88832233
85720570,92983464
85720570,89827848
85720570,82018632
85720570,92965136
85720570,82035832
85720570,86687633
85720570,84370300
85720570,85438917
85720570,89836491
86147694,92166273
86147694,81652278
86147694,83783325
86147694,96846170
86147694,98187328
86147694,93005604
86147694,96330006
86147694,84266315
86147694,82493193
86147694,93956251
86147694,93339562
86147694,85906608
86147694,84270526
86147694,94221636
86147694,84455169
86147694,91745519
86147694,87661824
84369209,90028001
84369209,88544870
84369209,84684451
84369209,87178657
84369209,83803736
84369209,88861987
84369209,98517013
84369209,93450661
84369209,96696999
84369209,82974630
84369209,96656376
84369209,85680560
84369209,92818185
84369209,97096147
84369209,86884097
84369209,88629770
84369209,84804644
85105002,94353154
85105002,92865078
85105002,94669351
85105002,92793737
85105002,89262756
85105002,86872202
85105002,94236450
85105002,84206430
85105002,96245168
85105002,87838805
85105002,92038810
85105002,83953872
85105002,89666760
85105002,81615122
85105002,92226269
85105002,96575512
85105002,85613827
87936258,91100448
87936258,87741721
87936258,81882484
87936258,83041117
87936258,93200236
87936258,85243977
87936258,92082512
87936258,94951622
87936258,90203313
87936258,86334003
87936258,90990808
87936258,95354192
87936258,87616077
87936258,87780997
87936258,84450449
87936258,96882036
87936258,94143587
88031508,97548950
88031508,96808199
88031508,84439789
88031508,94824982
88031508,84523922
88031508,84947973
88031508,85641279
88031508,82011048
88031508,89348003
88031508,96673903
88031508,94686013
88031508,85867244
88031508,86124148
88031508,86095549
88031508,90752028
88031508,85053896
88031508,98689088
84393772,89102729
84393772,83376357
84393772,97414766
84393772,88840487
84393772,82235378
84393772,94199126
84393772,83348693
84393772,83206086
84393772,92529895
84393772,87229165
84393772,91057431
84393772,86358669
84393772,89585666
84393772,84205653
84393772,94619227
84393772,95599522
84393772,94218226
89102729,84393772
89102729,87867763
89102729,84730192
89102729,86027684
89102729,82775430
89102729,87384006
89102729,84239254
89102729,97957615
89102729,98554045
89102729,89287208
89102729,86027510
89102729,96674366
89102729,90665932
89102729,96713399
89102729,84165832
89102729,89796128
89102729,83307905
88663180,84393772
88663180,89102729
88663180,95818135
88663180,90452216
88663180,88046360
88663180,97023670
88663180,84450900
88663180,92013978
88663180,98769466
88663180,90726723
88663180,87755855
88663180,81978487
88663180,86625947
88663180,86764674
88663180,82249010
88663180,93307118
88663180,97604720
88663180,94955974
87188603,88663180
87188603,90452998
87188603,90303032
87188603,89248886
87188603,85438917
87188603,97149949
87188603,88214000
87188603,91248836
87188603,84529921
87188603,89069866
87188603,86518060
87188603,83363404
87188603,84719489
87188603,90227315
87188603,85313332
87188603,83329004
87188603,90984608
88164070,90093023
88164070,96732152
88164070,84374916
88164070,87874229
88164070,92887807
88164070,84905530
88164070,90269803
88164070,95019432
88164070,98663182
88164070,82658304
88164070,83730608
88164070,87482892
88164070,97412901
88164070,81567422
88164070,98941610
88164070,87756094
88164070,98172765
87986883,84041093
87986883,91559007
87986883,98980560
87986883,92094104
87986883,97684141
87986883,82543463
87986883,88580182
87986883,86849109
87986883,98284426
87986883,83195573
87986883,88703138
87986883,86612153
87986883,96184329
87986883,95153068
87986883,95768275
87986883,83310248
87986883,97469232
89436715,88570999
89436715,90441859
89436715,98389786
89436715,97554169
89436715,92748795
89436715,96688890
89436715,85065082
89436715,98711307
89436715,96103077
89436715,90181439
89436715,90707832
89436715,97297846
89436715,97748544
89436715,98425742
89436715,94403398
89436715,85438917
89436715,93514010
89612468,97895464
89612468,84746944
89612468,97482714
89612468,83497683
89612468,94722863
89612468,84664980
89612468,95366661
89612468,92264111
89612468,98707962
89612468,87577334
89612468,92952389
89612468,93897656
89612468,87501045
89612468,87257483
89612468,81997264
89612468,96689023
89612468,98664166
90783725,83357467
90783725,85185778
90783725,98548517
90783725,91882156
90783725,94848838
90783725,93299509
90783725,89600154
90783725,90702530
90783725,85036655
90783725,81615129
90783725,83935120
90783725,86434367
90783725,83691947
90783725,84330449
90783725,93499533
90783725,94263906
90783725,95865973
86168741,85438917
86168741,82003885
86168741,86136139
86168741,92196790
86168741,84570053
86168741,83326688
86168741,92139313
86168741,94347041
86168741,90651200
86168741,98918879
86168741,86809159
86168741,91499143
86168741,90665932
86168741,83580385
86168741,94028093
86168741,96799768
86168741,96226533
82516577,86158861
82516577,86338475
82516577,85775119
82516577,89042346
82516577,85423803
82516577,83643382
82516577,96443674
82516577,96134526
82516577,95441972
82516577,89610437
82516577,86525377
82516577,83477231
82516577,85332937
82516577,85252505
82516577,83623522
82516577,87844758
82516577,98621447
85115120,95689873
85115120,83133438
85115120,83807120
85115120,81887789
85115120,82016814
85115120,88460772
85115120,86481483
85115120,98272010
85115120,83413745
85115120,87415060
85115120,83993623
85115120,85215136
85115120,83082301
85115120,89827089
85115120,89500463
85115120,91432012
85115120,98604836
85438917,96569917
85438917,90325639
85438917,97727233
85438917,97987540
85438917,98730619
85438917,81613119
85438917,95948265
85438917,97324419
85438917,95735841
85438917,86822708
85438917,98384294
85438917,96409019
85438917,85946430
85438917,98346864
85438917,90655318
85438917,88080440
85438917,89968956
88979419,93895778
88979419,82827487
88979419,84071993
88979419,94272530
88979419,87906648
88979419,87015094
88979419,84456112
88979419,95259373
88979419,87682071
88979419,92120611
88979419,83864557
88979419,96931892
88979419,96908112
88979419,86727601
88979419,93246938
88979419,85055044
88979419,96646178
89429379,94575396
89429379,83745271
89429379,93344021
89429379,96470938
89429379,92442441
89429379,85438917
89429379,81649046
89429379,82128808
89429379,89525235
89429379,87699620
89429379,82405217
89429379,96937324
89429379,98655511
89429379,94767590
89429379,81997264
89429379,87459435
85432242,81475019
85432242,88742351
85432242,81879877
85432242,85235513
85432242,90967880
85432242,87169694
85432242,85843066
85432242,93667404
85432242,90780996
85432242,89854803
85432242,83619980
85432242,89424506
85432242,91989451
85432242,91353567
85432242,98660218
85432242,98598724
85432242,82086170
89652779,96676512
89652779,95505264
89652779,82465543
89652779,91730748
89652779,94479794
89652779,85865457
89652779,95735442
89652779,98835447
89652779,97282027
89652779,97520492
89652779,92579311
89652779,83982100
89652779,89876985
89652779,84878156
89652779,88216234
89652779,88364788
89652779,97638547
85534540,88448996
85534540,91013714
85534540,82757747
85534540,88175345
85534540,96036238
85534540,91784160
85534540,85317605
85534540,98201219
85534540,85384182
85534540,95190636
85534540,88404357
85534540,82629006
85534540,97247188
85534540,91249605
85534540,91839108
85534540,97483699
85534540,95303571
89838247,85438917
89838247,86023186
89838247,82749315
89838247,89356603
89838247,98634155
89838247,84245363
89838247,90643579
89838247,97654061
89838247,94107558
89838247,95741412
89838247,82375435
89838247,84414516
89838247,93375835
89838247,91079692
89838247,96867138
89838247,95041359
89838247,84128976
83271986,88311454
83271986,91755838
83271986,89739091
83271986,85024222
83271986,98181660
83271986,92876437
83271986,98607913
83271986,90220065
83271986,95378645
83271986,96176838
83271986,89675866
83271986,95277928
83271986,96138943
83271986,93868352
83271986,89149164
83271986,98337115
83271986,95742217
87004772,92841070
87004772,82035924
87004772,94307082
87004772,85385076
87004772,89413040
87004772,88450271
87004772,98461108
87004772,94943905
87004772,82348492
87004772,87044365
87004772,83581367
87004772,91567867
87004772,86421455
87004772,95434549
87004772,93915967
87004772,95307318
87004772,91229875
89096301,89212103
89096301,98880339
89096301,83629987
89096301,91837366
89096301,97934859
89096301,94655982
89096301,87307484
89096301,86976511
89096301,95928029
89096301,85593716
89096301,94479855
89096301,97222184
89096301,81578879
89096301,82684370
89096301,89776978
89096301,97758632
89096301,81821187
89815226,81575912
89815226,92303709
89815226,84443493
89815226,96888763
89815226,84290214
89815226,94789404
89815226,88822379
89815226,88942654
89815226,84926378
89815226,93611865
89815226,96895102
89815226,92911070
89815226,90665932
89815226,84161994
89815226,89793095
89815226,87157959
86352795,90437931
86352795,87141772
86352795,98248440
86352795,83184219
86352795,94883510
86352795,96760451
86352795,97582371
86352795,85924370
86352795,81776913
86352795,86344740
86352795,86364150
86352795,96303259
86352795,96673618
86352795,91694717
86352795,97253356
86352795,85490423
85654683,88663180
85654683,93348628
85654683,81879877
85654683,83597557
85654683,95722672
85654683,90579833
85654683,96293887
85654683,95178541
85654683,89363637
85654683,95848407
85654683,89353488
85654683,89268039
85654683,96140206
85654683,93687747
85654683,81997264
85654683,86572608
90432614,98972029
90432614,97142888
90432614,97805284
90432614,98019167
90432614,84040743
90432614,88618708
90432614,84174716
90432614,96707990
90432614,94218671
90432614,83766285
90432614,89366014
90432614,90821925
90432614,97297435
90432614,90225489
90432614,87440575
90432614,83070988
89070733,86585170
89070733,95080435
89070733,93523178
89070733,98389407
89070733,86838145
89070733,96556985
89070733,82808784
89070733,91023165
89070733,90271202
89070733,84255847
89070733,98650240
89070733,90251447
89070733,96018944
89070733,82045793
89070733,88659195
89070733,98965437
90822489,93371557
90822489,85240726
90822489,86662107
90822489,95243052
90822489,92734431
90822489,89115945
90822489,98558675
90822489,89298637
90822489,91744771
90822489,85203774
90822489,82612602
90822489,89080713
90822489,89572069
90822489,87759323
90822489,88271573
90822489,85245415
88639154,93878605
88639154,92182636
88639154,87658610
88639154,84088824
88639154,88115815
88639154,87616289
88639154,93315617
88639154,87409165
88639154,83652886
88639154,93466600
88639154,96933390
88639154,91490058
88639154,97468618
88639154,98888865
88639154,97334199
88639154,97396758
83131862,83378564
83131862,86182952
83131862,91113471
83131862,91122283
83131862,92314403
83131862,89614448
83131862,92026908
83131862,98257606
83131862,98983230
83131862,89543089
83131862,88925264
83131862,83862430
83131862,94296069
83131862,87896443
83131862,83604195
83131862,84349179
85512370,85579038
85512370,96173215
85512370,86628657
85512370,96809488
85512370,82782036
85512370,95545037
85512370,83102210
85512370,88713604
85512370,82812407
85512370,83510596
85512370,90814294
85512370,87646071
85512370,83752793
85512370,89760720
85512370,89146026
85512370,82718357
88940894,98640367
88940894,96042894
88940894,86264881
88940894,88158152
88940894,95860463
88940894,94295807
88940894,84527457
88940894,82954610
88940894,88842315
88940894,89589022
88940894,95091424
88940894,96678116
88940894,94360418
88940894,94134761
88940894,95902614
88940894,90084532
89545063,83897202
89545063,97346790
89545063,91466658
89545063,97073988
89545063,86737676
89545063,97514262
89545063,98019939
89545063,97482411
89545063,92756311
89545063,90956824
89545063,98014313
89545063,98478973
89545063,87028053
89545063,87250794
89545063,85016139
89545063,95378643
85027994,87048837
85027994,97876730
85027994,94225086
85027994,92608955
85027994,97776375
85027994,85322717
85027994,87756019
85027994,87643973
85027994,82835432
85027994,81615177
85027994,98201696
85027994,90613155
85027994,93518388
85027994,91116863
85027994,98440550
85027994,94331801
88830287,98818570
88830287,94576617
88830287,93344690
88830287,92615709
88830287,91532503
88830287,83911800
88830287,84533713
88830287,85924370
88830287,88553481
88830287,82883676
88830287,86072171
88830287,83816521
88830287,97753697
88830287,96384453
88830287,81997264
88830287,86219559
82714314,94102768
82714314,88289931
82714314,98707375
82714314,88853503
82714314,86466296
82714314,97676388
82714314,97112499
82714314,85313246
82714314,83182101
82714314,91610254
82714314,89297156
82714314,92305407
82714314,96461252
82714314,89488301
82714314,91581690
82714314,90607075
84948146,92021855
84948146,96236152
84948146,95872118
84948146,92574412
84948146,82374247
84948146,92326684
84948146,89946064
84948146,94406101
84948146,82565458
84948146,94603637
84948146,92281810
84948146,97742741
84948146,82292497
84948146,92917213
84948146,88729587
84948146,96979732
82510406,91628586
82510406,84530426
82510406,92501558
82510406,97223912
82510406,94095032
82510406,94780935
82510406,83540706
82510406,83148526
82510406,81671731
82510406,87567949
82510406,85603864
82510406,91741544
82510406,84064912
82510406,94353120
82510406,89547043
82510406,90272028
84496669,88663180
84496669,83131862
84496669,88771059
84496669,85517839
84496669,82499773
84496669,93922583
84496669,93393773
84496669,93297432
84496669,90141003
84496669,85211669
84496669,95415719
84496669,97493085
84496669,90665932
84496669,88091931
