RowNumber,CustomerID,Surname,CreditScore,Country,Married,Age,Gender,Dependents,ETFTech,Gold,CorpBonds,EmergingMarketFund,PrivateEquity,GovtBonds,NumBankAccts,HasCrCard,EstimatedSalary,Mortgage,RiskProfile,Debt,NetAssets,PortfolioReturn,Diversification,BusinessOwner,Revenue,Margin,LifeInsurance,NumTransactions,LastTransactionDate,LastTransactionAmt,ForeignAssets,NumProducts,Churn,Discount,Retention,CLV
1,15634602,Hargrave,619,France,1,42,Female,3,2297,7511,10808,8856.78,87059,17520,1,1,101349,1,0.16,0,134051.78,0.1232,0.3623,0,65424.71,0.08,1,5,1/27/2019,2095.3,0.39,4,0,0.21,,
2,15647311,Hill,608,Spain,1,41,Female,2,1210,4816,26500,10754.37,72927,20358,1,0,112543,0,0.48,33658,136565.37,0.1262,0.405,1,23130.27,0.04,1,8,2/25/2019,9955.2,0.21,1,0,0.5,,
3,15619304,Onio,502,France,1,42,Female,2,1739,8903,17679,4212,96031,3562,3,1,113932,1,0.13,0,132126,0.0997,0.4239,0,19497.81,0.1,0,3,11/05/2017,9123.1,0,5,1,0.37,,
4,15701354,Boni,699,France,1,39,Female,0,4780,6009,17577,9348,41564,17696,2,0,93827,0,0.21,1431,96974,0.0932,0.1576,0,63760.01,0.08,0,5,01/07/2019,5973.3,0.4,5,0,0.72,,
5,15737888,Mitchell,850,Spain,1,43,Female,0,4650,6271,18023,8183.94,48619,24687,1,1,79084,0,0.03,40265,110433.94,0.1289,0.1568,0,14422.97,0.04,1,2,3/28/2015,9834.4,0.13,4,0,0.26,,
6,15574012,Chu,645,Spain,1,44,Male,2,3251,4659,4717,19537,71994,20324,2,1,149757,1,0.04,26063,124482,0.1444,0.1831,1,43903.89,0.07,0,10,12/16/2017,5178.1,0,4,1,0.07,,
7,15592531,Bartlett,822,France,0,50,Male,1,3933,7958,8865,8464,64833,26443,2,1,10063,0,0.26,16828,120496,0.1273,0.3871,0,79283.95,0.1,1,8,9/24/2017,1720,0,6,1,0.25,,
8,15656148,Obinna,376,Germany,1,29,Female,5,5660,3514,18936,9217.51,108287,8577,4,1,119347,1,0.16,11864,154191.51,0.1072,0.2312,1,10517.56,0.08,0,9,1/30/2016,8945.4,0.47,3,1,0.27,,
9,15792365,Hu,501,France,1,44,Male,0,1707,5302,1288,11515,22024,12537,2,0,74941,0,0.45,31645,54373,0.1115,0.1644,0,44416.56,0.09,1,2,05/12/2017,6272.4,0,1,1,0.43,,
10,15592389,Huang,684,France,1,27,Male,1,4644,2649,10771,13591.23,34556,35406,1,1,71726,0,0.38,34991,101617.23,0.1394,0.4,1,76232.61,0.1,1,1,4/29/2017,1019.6,0.41,2,0,0.46,,
11,15767821,Bearce,528,France,1,31,Male,0,4645,4221,9399,10151,39423,36686,2,0,80181,0,0.4,0,104525,0.123,0.3176,0,12631.02,0.06,0,4,3/24/2018,9654,0,3,1,0.62,,
12,15737173,Andrews,497,Spain,1,24,Male,1,5292,2832,9236,10486.71,0,33928,2,1,76390,0,0.34,18209,122931.71,0.174,0.318,1,66437.53,0.08,0,8,5/14/2016,4454.9,0.19,6,1,0.47,,
13,15632264,Kay,476,France,0,34,Female,0,4600,4468,18081,5126.75,64800,24655,2,1,26261,0,0.05,5332,121730.75,0.0882,0.2043,0,15942,0.03,0,8,05/06/2016,8187.5,0.33,6,1,0.4,,
14,15691483,Chin,549,France,1,25,Female,5,3490,3661,15629,5046,0,6739,2,0,190858,0,0.49,10541,130521,0.1242,0.3275,0,74170.58,0.11,0,6,12/06/2018,4886.6,0,2,0,0.31,,
15,15600882,Scott,635,Spain,1,35,Female,0,3119,3311,17793,4944.35,50318,41846,2,1,65952,0,0.28,34720,121331.35,0.1313,0.4099,0,70164.99,0.1,1,3,4/24/2015,2681.4,0.03,3,1,0.21,,
16,15643966,Goforth,616,Germany,1,45,Male,0,2690,7856,15490,9843,22947,31109,2,0,64327,0,0.42,19521,89935,0.1165,0.4519,1,51048.98,0.09,1,10,1/23/2018,2424.8,0,4,1,0.31,,
17,15737452,Romeo,653,Germany,0,58,Male,0,1942,6150,11466,16417,54732,22894,1,1,25098,1,0.32,0,113601,0.1618,0.1328,1,28980.38,0.07,0,10,05/09/2016,2094.3,0,4,1,0.13,,
18,15788218,Henderson,549,Spain,0,24,Female,1,4989,3690,7141,8117.46,54241,43467,2,1,14406,0,0.13,26508,121645.46,0.1659,0.335,0,57603.84,0.06,1,4,11/18/2016,7700.1,0.22,6,1,0.31,,
19,15661507,Muldrow,587,Spain,1,45,Male,2,1341,8895,2033,11073.55,67343,27930,1,0,158685,0,0.37,20227,118615.55,0.1191,0.4464,0,12639.9,0.12,0,10,11/15/2016,1691.3,0.15,5,1,0.03,,
20,15568982,Hao,726,France,0,24,Female,1,5371,3410,13116,6529,0,44456,2,1,54724,0,0.38,15789,116445,0.1027,0.4223,1,18036.71,0.09,1,10,8/22/2017,9072.7,0,1,0,0.36,,
21,15577657,McDonald,732,France,1,41,Male,2,2740,9259,5082,15099,76598,26837,2,1,170886,0,0.37,44012,135615,0.1304,0.2835,0,20951.12,0.13,1,1,8/26/2015,3675.4,0,2,1,0.1,,
22,15597945,Dellucci,636,Spain,1,32,Female,3,1966,8230,10168,9560.25,80698,10839,2,1,138555,0,0.33,0,121461.25,0.0904,0.2431,1,10717.9,0.1,0,1,2/28/2018,7591.2,0.05,1,1,0.05,,
23,15699309,Gerasimov,510,Spain,1,38,Female,4,3527,4206,15228,5156,100174,4166,1,1,118914,1,0.23,1645,132457,0.18,0.4404,0,45521.72,0.09,0,8,3/18/2017,719.2,0,6,1,0.13,,
24,15725737,Mosman,669,France,0,46,Male,0,1628,5221,11635,14450.4,33965,41861,2,0,8488,0,0.32,15041,108760.4,0.082,0.295,1,12143.82,0.1,1,3,1/23/2019,1301.5,0.13,4,0,0.63,,
25,15625047,Yen,846,France,1,38,Female,2,3382,6243,14412,8490.03,81720,17945,1,1,187616,0,0.25,36780,132192.03,0.1203,0.4023,1,76164.47,0.11,1,7,11/28/2016,8793.9,0.23,3,0,0.43,,
26,15738191,Maclean,577,France,1,25,Male,4,2413,3211,14054,13032.92,0,3498,2,0,124508,0,0.4,21112,136172.92,0.1231,0.1492,1,40518.12,0.07,1,2,1/22/2019,4770.4,0.42,2,0,0.65,,
27,15736816,Young,756,Germany,1,36,Male,4,1024,3576,1003,12734,94389,3957,1,1,170042,0,0.21,20356,116683,0.1164,0.371,0,33697.16,0.06,1,9,11/22/2018,5830.4,0,6,0,0.18,,
28,15700772,Nebechi,571,France,0,44,Male,1,3811,6048,7414,13249.42,26825,37905,2,0,38433,0,0.15,19683,95252.42,0.0985,0.3031,0,16386.4,0.13,0,7,10/25/2016,3873.2,0.33,1,1,0.62,,
29,15728693,McWilliams,574,Germany,1,43,Female,2,1809,5967,19855,6769,91211,6740,1,1,100187,0,0.08,33808,132351,0.1661,0.1243,1,22740.32,0.06,1,7,5/24/2019,8700.7,0,4,0,0.03,,
30,15656300,Lucciano,411,France,0,29,Male,0,5637,2723,6752,16196,76245,27982,2,1,53483,0,0.19,30162,135535,0.1789,0.4779,0,82037.18,0.09,1,2,6/20/2018,9127.3,0.4,5,1,0.49,,
31,15589475,Azikiwe,591,Spain,1,39,Female,2,2175,4715,16163,4140.5,95644,8463,3,1,140469,1,0.12,0,131300.5,0.1105,0.44,1,67255.96,0.1,0,3,04/04/2015,3936.5,0.05,5,1,0.1,,
32,15706552,Odinakachukwu,533,France,1,36,Male,4,4220,8038,12812,10855,92975,6397,1,0,156732,0,0.23,9714,135297,0.1024,0.4606,1,26780.16,0.06,1,7,03/01/2016,6233.6,0.4,2,1,0.13,,
33,15750181,Sanderson,553,Germany,1,41,Male,0,3900,4936,3118,11984.4,48908,28347,2,0,81899,0,0.06,3038,101193.4,0.1511,0.3922,0,25750.44,0.13,0,1,1/17/2017,1981.4,0.4,6,1,0.6,,
34,15659428,Maggard,520,Spain,0,42,Female,0,4906,8951,23423,5299.36,58128,25425,2,1,34411,0,0.24,22296,126132.36,0.1163,0.2386,1,90635.21,0.12,1,5,11/07/2017,1843,0.37,6,1,0.49,,
35,15732963,Clements,722,Spain,1,29,Female,2,2587,4253,14704,6339,81311,26896,2,1,142033,0,0.01,21511,136090,0.1725,0.149,0,95259.12,0.1,1,1,01/04/2016,9450.8,0,6,1,0.46,,
36,15794171,Lombardo,475,France,0,45,Female,1,4178,3217,15249,9187.73,29842,26963,1,1,27823,1,0.35,27314,88636.73,0.127,0.2351,1,8078.2,0.06,0,7,4/22/2016,8396.9,0.27,5,1,0.42,,
37,15788448,Watson,490,Spain,1,31,Male,3,3515,2372,2049,13086,66566,7470,1,0,114067,0,0.38,37252,95058,0.1795,0.1864,0,14154.66,0.04,1,7,6/20/2015,9695.7,0,5,1,0.66,,
38,15729599,Lorenzo,804,Spain,1,33,Male,0,2558,7308,8694,10531.8,42408,28101,1,0,98453,0,0.09,36138,99600.8,0.1171,0.2346,0,7336.09,0.04,1,1,02/10/2016,4598.6,0.36,6,1,0.39,,
39,15717426,Armstrong,850,France,0,36,Male,0,3766,5606,7752,8581.7,50323,23758,1,1,40813,0,0.09,41136,99786.7,0.0821,0.2723,1,85104.41,0.11,1,1,05/01/2017,3381.4,0.14,1,0,0.72,,
40,15585768,Cameron,582,Germany,1,41,Male,5,3796,9696,8061,15236.56,80636,2044,2,0,178074,0,0.4,3486,119469.56,0.1383,0.3375,0,97816.55,0.13,1,4,3/18/2016,6127.8,0.36,1,0,0.03,,
41,15619360,Hsiao,472,Spain,1,40,Male,0,3918,4363,12573,16364.38,38658,32572,1,1,70154,0,0.24,13952,108448.38,0.1778,0.3257,1,26103.77,0.04,0,3,4/24/2016,2221.7,0.31,2,1,0.05,,
42,15738148,Clarke,465,France,1,51,Female,4,3023,5699,16533,12487.07,90699,2823,1,0,181298,1,0.33,14994,131264.07,0.088,0.1421,1,27734.2,0.04,0,2,6/27/2015,3200.9,0.43,3,1,0.16,,
43,15687946,Osborne,556,France,1,61,Female,1,2966,9120,9832,9703,54532,29763,1,1,94154,0,0,5531,115916,0.1524,0.4786,0,13747.59,0.06,1,3,5/20/2018,2628.6,0,5,0,0.35,,
44,15755196,Lavine,834,France,1,49,Female,2,3431,4858,3232,4748,62007,3119,1,0,194366,1,0.01,13866,81395,0.0986,0.4057,0,59687.76,0.07,0,2,10/17/2017,1260.8,0,2,0,0.47,,
45,15684171,Bianchi,660,Spain,1,61,Female,4,2166,4882,8932,9691.2,93757,3086,1,1,158338,0,0.38,0,122514.2,0.1289,0.2702,0,47637.92,0.11,1,5,12/27/2018,1452.4,0.22,5,0,0.7,,
46,15754849,Tyler,776,Germany,1,32,Female,4,2308,7965,12247,10418.66,103944,8922,2,1,126517,0,0.28,36192,145804.66,0.0966,0.3217,1,46990.13,0.09,1,9,12/26/2018,908.7,0.26,2,1,0.65,,
47,15602280,Martin,829,Germany,1,27,Female,2,3957,1577,16016,7977,86144,23640,1,1,119708,1,0.14,27634,139311,0.0961,0.1823,0,25144.16,0.06,1,6,05/03/2018,8305.1,0,5,1,0.5,,
48,15771573,Okagbue,637,Germany,1,39,Female,2,4775,1968,20501,8760,78609,22333,1,1,117623,1,0.02,14782,136946,0.1123,0.291,1,22936.73,0.06,1,10,7/28/2016,3955.9,0,2,1,0.24,,
49,15766205,Yin,550,Germany,1,38,Male,0,4020,6359,14503,18775,15879,27563,1,0,90878,0,0.2,22402,87099,0.1745,0.1706,1,59886.35,0.13,1,9,10/21/2017,2532,0,3,0,0.1,,
50,15771873,Buccho,776,Germany,1,37,Female,4,4878,3233,12355,8321.74,109117,4741,2,1,194099,0,0.38,39124,142645.74,0.1384,0.3405,0,37842.72,0.06,0,7,12/10/2018,4096.5,0.39,4,0,0.05,,
51,15616550,Chidiebele,698,Germany,1,44,Male,5,2646,4494,10292,11736.57,98311,4251,2,1,198059,0,0.18,0,131730.57,0.1297,0.1339,1,54410.66,0.09,0,4,12/31/2016,7404.1,0.43,6,1,0.68,,
52,15768193,Trevisani,585,Germany,1,36,Male,0,1603,9747,16418,19221.64,58794,32882,2,0,86425,0,0.15,20619,138665.64,0.1481,0.3066,1,58934.83,0.11,0,7,4/16/2015,2737.2,0.28,3,1,0.36,,
53,15683553,O'Brien,788,France,1,33,Female,4,4042,6001,18372,6171,91571,8482,2,0,116978,0,0.09,22480,134639,0.1228,0.4389,1,56282.98,0.08,0,5,06/08/2018,520.8,0.25,3,0,0.04,,
54,15702298,Parkhill,655,Germany,1,41,Male,3,1866,2158,4866,19037,53357,7973,1,0,164041,1,0.19,44724,89257,0.0871,0.2308,0,34453.54,0.07,0,10,12/28/2016,8751.6,0,5,0,0.57,,
55,15569590,Yoo,601,Germany,0,42,Male,1,2329,1907,12264,9701.95,67167,32557,1,1,40015,1,0.48,24255,125925.95,0.1644,0.1039,1,18640.09,0.12,0,10,06/09/2018,3091.8,0.13,2,0,0.32,,
56,15760861,Phillipps,619,France,1,43,Male,3,4834,6703,2192,13686,67684,25608,1,1,113410,0,0.48,44518,120707,0.1716,0.3617,0,12304.39,0.04,1,2,05/06/2017,9790.2,0,4,0,0.44,,
57,15630053,Tsao,656,France,1,45,Male,1,1511,6479,18003,22477.24,59966,22579,1,1,87108,0,0.36,14238,131015.24,0.1362,0.4744,1,14749.89,0.04,0,6,11/30/2016,6441.4,0.38,2,0,0.09,,
58,15647091,Endrizzi,725,Germany,0,19,Male,0,6415,3268,2577,19507,0,13628,1,0,45614,0,0.18,21563,67610,0.1625,0.2,0,52073.34,0.06,0,1,01/12/2016,1102.8,0,2,1,0.45,,
59,15623944,T'ien,511,Spain,0,66,Female,1,3900,4311,16564,8426.73,47684,18335,1,1,1643,1,0.11,10558,99220.73,0.1512,0.4492,1,29968.55,0.04,0,4,02/08/2017,9617.5,0.13,3,0,0.16,,
60,15804771,Velazquez,614,France,0,51,Male,0,4226,4163,7940,20309.6,27809,30847,1,1,46775,0,0.06,0,95294.6,0.1242,0.2955,1,52462.49,0.06,1,6,12/20/2017,4247.4,0.14,6,1,0.58,,
61,15651280,Hunter,742,Germany,1,35,Male,1,3776,3274,2688,9653,17208,47851,1,0,84510,0,0.03,3084,84450,0.175,0.3409,0,83502.11,0.12,0,8,10/10/2016,6159.6,0,3,1,0.44,,
62,15773469,Clark,687,Germany,1,27,Female,2,6086,4925,7862,5490.12,83543,23721,2,0,126495,0,0.5,42362,131627.12,0.1705,0.3238,0,22334.83,0.08,0,2,4/18/2017,7655,0.22,1,1,0.69,,
63,15702014,Jeffrey,555,Spain,1,33,Male,2,1191,9808,5553,9562.88,76270,16836,2,0,178798,0,0.31,33763,119220.88,0.1391,0.3381,1,16063.12,0.11,0,7,10/30/2017,9137.1,0.28,5,1,0.16,,
64,15751208,Pirozzi,684,Spain,1,56,Male,0,2350,4904,19109,19253.9,43674,45680,1,1,99398,0,0.28,17393,134970.9,0.0991,0.1533,1,18481.86,0.1,1,2,5/17/2017,1753.6,0.11,2,1,0.54,,
65,15592461,Jackson,603,Germany,1,26,Male,1,5204,4699,3794,15587,45067,42157,1,1,92841,0,0.3,20013,116508,0.1387,0.3271,0,8712.58,0.05,1,9,05/08/2018,2045.8,0,5,0,0.19,,
66,15789484,Hammond,751,Germany,0,36,Female,0,2459,7247,12798,10184.93,66709,45720,2,1,27758,0,0.39,33650,145117.93,0.1077,0.2141,1,58497.09,0.12,1,1,08/05/2016,2637,0.19,5,1,0.15,,
67,15696061,Brownless,581,Germany,1,34,Female,3,1125,8700,17769,6480.68,80201,6609,1,1,110432,0,0.18,15394,120884.68,0.1293,0.2859,1,52832.55,0.08,0,2,1/25/2017,881.8,0.12,5,0,0.23,,
68,15641582,Chibugo,735,Germany,1,43,Male,3,2463,8423,13179,9582,82549,17976,2,1,196673,0,0.36,2556,134172,0.1317,0.1012,1,37296.01,0.07,1,3,01/08/2019,2300.7,0,5,0,0.46,,
69,15638424,Glauert,661,Germany,1,35,Female,4,2636,4668,8188,4803.66,100871,3295,2,0,113657,0,0.2,43954,124461.66,0.1152,0.2419,0,40201.97,0.09,1,6,3/29/2016,9741.9,0.42,2,0,0.48,,
70,15755648,Pisano,675,France,0,21,Female,1,5456,2743,13589,10397.01,0,23493,1,1,18203,0,0.44,44344,88862.01,0.0937,0.1323,1,18396.55,0.11,0,2,6/14/2016,3916.8,0.19,5,1,0.49,,
71,15703793,Konovalova,738,Germany,0,58,Male,0,3801,8501,9562,15607.56,68216,17849,4,1,28374,1,0.23,18501,123536.56,0.1529,0.1549,0,43642.76,0.1,0,10,05/11/2017,8808.7,0.46,2,1,0.21,,
72,15620344,McKee,813,France,0,29,Male,0,4293,3968,5162,18996,43062,49803,1,1,33954,0,0.02,16541,125284,0.1661,0.2535,0,30644.48,0.13,0,4,2/14/2019,4706.1,0,1,0,0.71,,
73,15812518,Palermo,657,Spain,0,37,Female,0,1357,2247,25913,9919.8,29256,21698,1,0,44204,0,0.27,33920,90390.8,0.0884,0.3,1,38417.33,0.06,1,1,2/14/2015,4243.5,0.27,5,0,0.1,,
74,15779052,Ballard,604,Germany,0,25,Female,1,2889,2601,20685,7891,0,24129,2,1,58427,0,0.22,11989,119637,0.117,0.3526,1,49314.02,0.1,1,5,02/10/2015,1735.6,0,2,0,0.36,,
75,15770811,Wallace,519,France,1,36,Male,2,1164,6283,5452,13715,62413,3139,2,0,145562,0,0.09,26912,92166,0.1312,0.2627,1,43558.38,0.1,1,5,7/18/2015,7838.2,0,6,0,0.45,,
76,15780961,Cavenagh,735,France,0,21,Female,0,2689,2600,15505,5834.96,0,30897,2,1,22388,0,0.2,982,107866.96,0.1424,0.3941,0,7601,0.04,0,2,10/13/2016,1233.7,0.38,2,1,0.71,,
77,15614049,Hu,664,France,1,55,Male,3,3457,9858,11350,15347.84,71074,20824,2,1,139162,0,0.14,6620,131910.84,0.17,0.2178,1,25254.62,0.06,1,10,11/24/2016,3981.2,0.33,5,0,0.23,,
78,15662085,Read,678,France,1,32,Female,4,1241,9555,5385,5788.64,108220,8964,1,1,148211,0,0.03,6514,139153.64,0.1146,0.1392,0,36428.62,0.04,1,7,10/21/2018,6842.9,0.03,2,0,0.06,,
79,15575185,Bushell,757,Spain,1,33,Male,3,4016,3033,15509,10229.16,75341,10316,1,0,194240,0,0.26,0,118444.16,0.1097,0.3533,1,12402.8,0.07,1,7,04/07/2018,8977.6,0.26,1,0,0.23,,
80,15803136,Postle,416,Germany,1,41,Female,1,1884,5746,19401,5409.2,71532,31532,2,1,98302,0,0.45,4094,135504.2,0.1712,0.4024,0,65513.11,0.09,0,1,6/26/2016,8422,0.4,4,0,0.18,,
81,15706021,Buley,665,France,1,34,Female,2,2329,4562,5051,7172,76426,21942,2,0,171414,0,0.04,10000,117482,0.1117,0.2127,0,41018.72,0.08,0,10,6/29/2016,6744.2,0,6,0,0.61,,
82,15663706,Leonard,777,France,1,32,Female,5,2733,9247,22437,8510.17,97274,7229,1,1,136458,1,0.12,27013,147430.17,0.1424,0.3647,1,34165.33,0.05,0,8,07/12/2018,3266.3,0.47,2,1,0.47,,
83,15641732,Mills,543,France,0,36,Female,1,3199,5454,18139,6361.32,41938,35022,2,0,26020,0,0.46,6267,110113.32,0.0999,0.4011,1,26199.81,0.04,0,1,05/03/2018,524.6,0.48,5,0,0.69,,
84,15701164,Onyeorulu,506,France,1,34,Female,5,1863,6298,16355,6618.02,98387,8874,1,1,159235,0,0.37,38337,138395.02,0.1237,0.288,1,36619.63,0.05,1,5,10/15/2018,8791,0.26,6,0,0.73,,
85,15738751,Beit,493,France,0,46,Female,1,2282,7026,7014,3159.2,83472,28718,2,1,1908,0,0.03,11929,131671.2,0.149,0.4199,0,31233.95,0.09,0,2,3/30/2019,673.5,0.02,3,0,0.58,,
86,15805254,Ndukaku,652,Spain,1,75,Female,3,4785,6546,21797,8676.21,92570,21033,2,1,114676,0,0.27,20411,155407.21,0.1156,0.1833,1,30556.71,0.03,1,3,7/18/2015,1976,0.01,5,1,0.4,,
87,15762418,Gant,750,Spain,1,22,Male,5,4490,1246,4026,13638.56,0,2088,1,1,128643,1,0.26,31396,126472.56,0.1329,0.431,0,16900.76,0.05,0,5,9/16/2017,1448.8,0.27,6,1,0.58,,
88,15625759,Rowley,729,France,1,30,Male,5,4182,3350,5735,9250,108262,5543,2,1,151869,0,0.35,3600,136322,0.097,0.4686,1,52651.65,0.06,0,3,04/02/2015,6447.3,0,6,1,0.08,,
89,15622897,Sharpe,646,France,1,46,Female,0,4169,7555,8896,6745.03,42674,19698,3,1,93251,1,0.05,11872,89737.03,0.1386,0.3071,1,48189.64,0.07,0,6,4/14/2018,2162,0.17,5,1,0.25,,
90,15767954,Osborne,635,Germany,1,28,Female,5,2855,2912,16737,9317.8,101206,3370,2,1,156791,0,0.11,7236,136397.8,0.1706,0.378,0,6273.73,0.04,1,7,7/19/2018,9001.7,0.27,1,1,0.07,,
91,15757535,Heap,647,Spain,1,44,Female,2,4208,3695,27060,7331,82507,21650,3,1,174205,1,0.16,0,146451,0.176,0.2587,1,36984.14,0.13,1,7,8/29/2017,5426.6,0,6,0,0.49,,
92,15731511,Ritchie,808,France,1,45,Male,4,2694,8611,1372,11694.25,104803,6253,2,1,147132,0,0.45,41944,135427.25,0.1471,0.2602,0,71972.53,0.12,0,10,5/28/2015,2281.7,0.11,4,0,0.34,,
93,15809248,Cole,524,France,1,36,Female,5,3456,8172,23113,9529,98736,5628,2,1,109615,0,0.4,3525,148634,0.1318,0.2173,1,19637.56,0.11,0,9,01/02/2018,8111.8,0,5,1,0.4,,
94,15640635,Capon,769,France,1,29,Male,3,2278,4336,9432,9014,91813,8890,2,1,172291,0,0.35,33102,125763,0.0845,0.1116,0,17138.31,0.09,1,4,08/06/2018,7454.6,0,5,0,0.73,,
95,15676966,Capon,730,Spain,1,42,Male,1,2968,9508,12593,9333.95,24797,19940,2,0,85982,0,0.08,5752,79139.95,0.129,0.1709,1,20742.67,0.1,1,9,7/13/2017,4458.9,0.15,3,1,0.72,,
96,15699461,Fiorentini,515,Spain,1,35,Male,5,3298,8279,14297,19236.36,85723,1026,1,0,121278,0,0.25,14472,131859.36,0.1706,0.4315,1,22082.47,0.04,1,7,9/18/2015,8381.4,0.04,3,0,0.67,,
97,15738721,Graham,773,Spain,1,41,Male,1,3874,4255,7728,17149,31035,38597,1,0,64595,0,0.42,28013,102638,0.1004,0.2627,0,56703.23,0.09,1,10,5/22/2018,4210.9,0,6,0,0.17,,
98,15693683,Yuille,814,Germany,1,29,Male,3,4971,2869,3913,19919.5,85634,22383,2,1,197276,0,0.49,15700,139689.5,0.1452,0.3235,0,99333.97,0.12,1,3,05/10/2019,7012.2,0.5,4,0,0.48,,
99,15604348,Allard,710,Spain,1,22,Male,0,4745,3741,8049,22697.8,0,30044,2,0,99645,0,0.5,18941,117429.8,0.1575,0.3625,1,9608.64,0.08,0,4,8/16/2017,3257.3,0.48,5,1,0.71,,
100,15633059,Fanucci,413,France,0,34,Male,0,1005,8742,1137,15118.28,56190,21836,2,0,6534,0,0.18,38730,104028.28,0.1468,0.3334,0,82357.15,0.12,0,5,7/22/2017,570.2,0.16,2,0,0.41,,
101,15808582,Fu,665,France,1,40,Female,3,1950,7588,7589,6915.07,88244,13206,1,1,161848,0,0.49,21058,125492.07,0.1234,0.3308,0,72506.27,0.08,1,8,10/11/2016,1612.4,0.33,1,0,0.5,,
102,15743192,Hung,623,France,1,44,Female,5,3913,8770,27470,8785,100741,2011,2,0,167162,0,0.26,24876,151690,0.1501,0.2685,1,8242.7,0.08,0,10,01/08/2016,7274.3,0,2,0,0.57,,
103,15580146,Hung,738,France,0,31,Male,0,2416,8609,12074,19241,51798,33499,1,1,41971,0,0.4,9136,127637,0.1569,0.2248,1,9737.31,0.06,0,9,11/23/2018,8938,0,4,0,0.15,,
104,15776605,Bradley,528,Spain,1,36,Male,1,3826,5264,9679,17399,31975,11626,2,1,60537,0,0.43,17578,79769,0.1547,0.3873,0,12877.9,0.08,0,7,8/27/2016,4320.7,0,5,0,0.04,,
105,15804919,Dunbabin,670,Spain,1,65,Female,2,3690,8004,21099,8718,62611,11586,1,1,177656,1,0.39,29937,115708,0.176,0.2117,1,7949.03,0.03,1,6,3/13/2019,2126.8,0,1,0,0.25,,
106,15613854,Mauldon,622,Spain,0,46,Female,1,4634,6494,24521,7785.49,66257,33865,2,1,30985,1,0.02,35373,143556.49,0.1426,0.4431,1,71527.33,0.09,1,4,12/27/2018,1729.2,0.21,1,0,0.19,,
107,15599195,Stiger,582,Germany,0,32,Male,0,2623,2188,7692,20392.44,31632,15031,1,1,10055,0,0.25,6828,79558.44,0.1523,0.1764,0,80294.76,0.11,1,8,12/07/2017,5902,0.12,1,1,0.71,,
108,15812878,Parsons,785,Germany,0,36,Female,0,4810,5660,8567,4081.24,56320,15114,1,0,36977,0,0.3,5557,94552.24,0.1145,0.2656,1,30345.26,0.1,1,10,01/02/2019,3938.6,0.24,2,0,0.12,,
109,15602312,Walkom,605,Spain,1,33,Male,1,2124,9304,15278,14158,30265,37692,1,0,71863,0,0.43,40123,108821,0.126,0.4582,1,70772.9,0.11,0,5,4/20/2015,1921.8,0,6,1,0.14,,
110,15744689,T'ang,479,Germany,1,35,Male,1,2276,8885,5633,13482,72436,58344,1,1,99450,1,0.09,12627,161056,0.1188,0.3034,0,17047.84,0.04,0,2,02/03/2018,3725.9,0,3,0,0.12,,
111,15803526,Eremenko,685,Germany,1,30,Male,0,6852,4521,1512,13772.44,55602,34339,1,0,63083,0,0.15,34025,116598.44,0.1299,0.4191,0,11593.77,0.05,1,6,8/27/2016,7291.1,0.42,4,0,0.14,,
112,15665790,Rowntree,538,Germany,0,39,Male,0,4687,5923,12054,18679.4,71451,30087,2,1,27231,0,0.4,0,142881.4,0.0861,0.1181,1,90032.51,0.09,0,7,08/02/2017,395.6,0.3,1,1,0.15,,
113,15715951,Thorpe,562,France,1,42,Male,0,3159,6548,10503,16111.34,47701,33679,1,0,86797,0,0.32,43988,117701.34,0.1132,0.135,1,72220.27,0.09,0,7,2/25/2015,2036.6,0.19,6,1,0.4,,
114,15591100,Chiemela,675,Spain,0,36,Male,0,3767,3042,5635,15665.6,34369,27375,1,0,22994,0,0.2,31920,89853.6,0.1794,0.1816,0,39974.93,0.05,1,1,4/28/2015,4938.5,0.1,1,1,0.58,,
115,15609618,Fanucci,721,Germany,1,28,Male,5,5153,4459,7144,8481,79193,7344,2,0,101301,1,0.13,25278,111774,0.1791,0.4142,0,32567.18,0.03,1,7,4/26/2015,8193,0,4,1,0.62,,
116,15675522,Ko,628,Germany,1,30,Female,0,2196,3834,19280,9559.24,77879,21814,2,1,74169,0,0,5264,134562.24,0.0846,0.1048,1,68741.82,0.08,1,5,12/10/2017,5393,0.04,6,1,0.2,,
117,15705512,Welch,668,Germany,1,37,Female,4,3363,6054,19193,7079,99341,9874,1,1,115638,0,0.17,13587,144904,0.1152,0.4499,1,37848.57,0.12,0,3,1/17/2017,604.7,0,4,0,0.75,,
118,15698028,Duncan,506,France,0,41,Female,1,1876,3317,17598,8525,41033,45056,2,1,31766,0,0.36,43648,117405,0.0949,0.1854,1,40669.19,0.05,0,3,5/14/2018,1858.9,0,6,1,0.43,,
119,15661670,Chidozie,524,Germany,1,31,Female,4,4677,1922,4568,7099,106953,1408,1,1,199725,1,0.46,40436,126627,0.1247,0.2931,0,16370.25,0.13,0,1,7/18/2016,4910,0,1,0,0.3,,
120,15600781,Wu,699,Germany,1,34,Male,4,1888,5197,7225,19648.79,105759,1596,2,1,120834,0,0.4,0,141313.79,0.084,0.1586,0,17998.49,0.06,0,3,04/03/2015,1731.3,0.39,6,1,0.03,,
121,15682472,Culbreth,828,France,0,34,Male,1,2715,5938,6456,11765.94,32907,15279,2,0,38132,0,0.48,34463,75060.94,0.1216,0.4422,0,106841.87,0.13,0,9,02/04/2018,4296.1,0.02,3,0,0.21,,
122,15580203,Kennedy,674,Spain,1,39,Male,4,2832,2380,4665,15062.65,79839,5344,1,0,100131,0,0.41,16163,110122.65,0.1756,0.3021,0,30274.57,0.07,0,4,08/04/2015,6574.9,0.15,2,1,0.19,,
123,15690673,Cameron,656,France,1,39,Female,2,1745,6832,26978,7657,83038,27389,2,1,141070,0,0.23,0,153639,0.1047,0.3548,1,71524.35,0.07,0,7,10/07/2018,6198.9,0,5,1,0.69,,
124,15760085,Calabresi,684,Germany,1,48,Female,5,4853,8951,17078,10209.24,88412,8567,1,1,198129,0,0.38,25007,138070.24,0.1027,0.3513,0,9153.25,0.08,1,4,5/18/2015,6733.2,0.39,6,0,0.36,,
125,15779659,Zetticci,625,France,1,28,Female,5,2795,4603,5350,8032,91374,5038,1,0,183646,0,0.1,25168,117192,0.0999,0.3523,0,46172,0.06,0,2,7/18/2016,2892.1,0,1,0,0.71,,
126,15627360,Fuller,432,France,1,42,Male,3,4349,6374,2415,16032.54,81724,27703,1,1,110265,1,0.32,14781,138597.54,0.1715,0.1644,0,54099.57,0.08,0,8,8/21/2017,1724.1,0.11,4,1,0.28,,
127,15671137,MacDonald,549,France,0,52,Female,1,1696,5887,13303,5100.85,16632,48403,1,0,8636,1,0.22,0,91021.85,0.13,0.3821,1,23889.8,0.06,1,4,5/22/2019,1386.1,0.45,3,1,0.76,,
128,15782688,Piccio,625,Germany,0,56,Male,1,3599,6392,6621,10858.94,44663,37721,1,1,46824,1,0.12,22379,109854.94,0.1741,0.181,0,75126.2,0.13,0,4,08/02/2018,9816.1,0.46,3,0,0.74,,
129,15575492,Kennedy,828,France,1,41,Female,4,2554,2414,14522,4624.25,96442,2605,2,1,171379,0,0.16,18821,123161.25,0.1668,0.239,1,66500.44,0.08,0,9,2/19/2019,3010.7,0.05,3,0,0.28,,
130,15591607,Fernie,770,France,1,24,Male,4,3868,3806,4624,13296.58,0,3620,1,1,167256,0,0.3,8166,133309.58,0.1303,0.2488,0,20067.41,0.03,0,1,10/19/2016,7881.8,0.18,3,0,0.22,,
131,15740404,He,758,France,1,34,Female,3,3049,9215,14829,5095,63974,3016,2,1,124226,0,0.2,36716,99178,0.172,0.1534,1,43537.02,0.11,1,9,03/04/2017,7437.2,0,3,1,0.43,,
132,15718369,Kaodilinakachukwu,795,Germany,1,33,Female,3,3997,4046,5226,9480,59841,5271,1,1,114935,0,0.31,27478,87861,0.1046,0.1852,0,44539.99,0.05,1,9,08/11/2017,2376.5,0,2,1,0.5,,
133,15677871,Cocci,687,France,0,38,Male,0,2699,4640,9451,10574.31,56745,16107,1,1,35609,0,0.16,4109,100216.31,0.1658,0.4312,1,88749.25,0.11,1,10,12/27/2015,9588.9,0.31,2,1,0.26,,
134,15642004,Alekseeva,686,France,0,25,Male,1,6519,2986,9787,15873,53658,40825,2,0,16459,0,0.09,18220,129648,0.1411,0.2803,1,21530.71,0.04,1,8,1/17/2015,3790.7,0,2,1,0.17,,
135,15712543,Chinweike,789,Germany,1,39,Male,4,1950,3115,9952,18068,103018,5077,2,1,124411,0,0.18,37873,141180,0.1019,0.3769,0,31641.96,0.06,1,9,01/05/2017,3075.6,0,3,1,0.46,,
136,15584518,Arthur,589,Germany,0,50,Female,0,3047,2943,6246,6805,41674,45295,2,1,34941,0,0.31,1657,106010,0.1554,0.3121,0,23499.54,0.07,1,9,10/29/2018,8848.3,0.25,3,1,0.48,,
137,15802381,Li,461,Germany,1,34,Female,2,1172,2058,5145,6684.25,83291,19767,1,0,167784,0,0.01,18643,118117.25,0.0875,0.3222,0,62806.32,0.06,1,6,2/20/2017,8488,0.25,5,0,0.59,,
138,15610156,Ma,637,France,1,40,Male,0,2124,6879,18284,16959.14,62581,20590,1,0,93165,0,0.17,0,127417.14,0.1125,0.1291,1,11337.54,0.05,1,3,6/23/2017,8717.7,0.34,5,0,0.34,,
139,15594408,Chia,584,Spain,1,48,Female,1,2066,7903,17147,9222.4,62738,35744,1,1,75161,1,0.39,6946,134820.4,0.1339,0.281,1,45350.87,0.06,0,10,05/07/2019,2439.8,0.4,6,0,0.7,,
140,15640905,Vasin,579,Spain,0,35,Female,0,1396,8654,17148,7940.92,60539,42932,2,0,8591,1,0.45,36048,138609.92,0.1603,0.3682,1,29109.75,0.04,1,5,3/28/2018,9585.1,0.23,2,1,0.13,,
141,15698932,Groves,756,Germany,1,44,Male,5,2725,3298,18608,9719.55,97222,4300,1,1,189544,0,0.36,10431,135872.55,0.1373,0.4324,1,14620.9,0.08,0,8,12/19/2017,3670.1,0.45,1,1,0.36,,
142,15724944,Tien,663,France,1,34,Male,5,1673,2603,13236,14351.96,118072,5924,2,1,180427,0,0.35,32904,155859.96,0.1473,0.1411,1,87651.29,0.13,1,8,8/30/2018,812.6,0.36,5,0,0.29,,
143,15628145,Forwood,682,France,1,43,Female,4,3981,5379,3147,7785.92,92711,2143,1,1,193318,0,0.37,8769,115146.92,0.1471,0.2076,0,74462.32,0.09,1,4,4/18/2019,6395,0.32,2,1,0.03,,
144,15713483,Greeves,793,Spain,1,52,Male,4,1117,9016,18323,11523.2,113797,6869,1,1,159124,1,0.45,22726,160645.2,0.1168,0.1271,1,52016.37,0.06,0,4,12/03/2017,1907.8,0.2,6,0,0.18,,
145,15612350,Taylor,691,France,1,31,Female,4,2524,2980,13999,5515,98869,6034,1,1,126214,1,0.4,17844,129921,0.1361,0.2831,1,44895.24,0.05,0,6,9/23/2018,8117,0,4,0,0.12,,
146,15800703,Madukwe,485,Spain,0,21,Female,1,6145,1209,20395,3896,0,33052,1,1,54142,0,0.19,0,119583,0.1695,0.1962,1,13212.17,0.06,1,8,4/28/2015,1786.5,0,4,1,0.2,,
147,15705707,Bennelong,635,Spain,1,29,Female,5,3207,2941,7201,7258.04,99312,1717,2,1,141076,0,0.46,4679,121636.04,0.0934,0.2082,0,46550.55,0.1,0,8,09/04/2017,1295.9,0.47,1,1,0.66,,
148,15754105,Olisanugo,650,France,0,37,Male,0,1463,5386,6458,16423.8,32353,47137,1,0,24495,0,0.26,16230,109220.8,0.1296,0.1454,1,35232.05,0.11,0,1,4/24/2016,7873.7,0.48,3,1,0.16,,
149,15703264,Chukwufumnanya,735,France,1,44,Male,1,3165,8320,11269,10559,62378,50787,1,1,74836,0,0.17,8787,146478,0.1698,0.2504,1,89154.96,0.1,0,7,07/02/2016,5104.7,0,6,1,0.17,,
150,15794413,Harris,416,France,0,32,Male,1,1064,2419,16516,15214.02,17889,21618,2,0,879,0,0.33,18862,74720.02,0.1651,0.3111,1,29272.07,0.09,1,1,08/09/2018,433,0.38,2,1,0.11,,
151,15650237,Morgan,754,Spain,1,32,Female,0,3962,6000,22169,4960.14,86600,49315,2,1,89521,0,0.16,0,173006.14,0.1591,0.1229,1,20447.62,0.04,0,4,11/12/2015,3696.2,0.23,6,1,0.5,,
152,15759618,Alexeeva,535,France,1,48,Female,4,4203,8350,9167,6706.25,94405,8854,1,1,149893,1,0.13,24390,131685.25,0.1123,0.3995,0,53962,0.1,0,2,10/23/2017,6562.8,0.25,4,0,0.09,,
153,15811589,Metcalfe,716,Spain,1,42,Male,4,4479,6074,2038,12988.93,93276,5839,2,1,180800,0,0.29,23150,124694.93,0.1204,0.4187,0,11578.55,0.03,0,5,9/15/2015,6643.4,0.13,5,1,0.17,,
154,15689044,Humphries,539,France,1,37,Male,0,2378,6065,16173,15414.33,48942,20412,1,1,98646,0,0.18,3280,109384.33,0.1076,0.2121,1,38449.72,0.08,0,9,07/12/2015,3205.4,0.37,5,1,0.58,,
155,15709368,Milne,614,France,1,43,Female,5,2124,7714,17137,6101,97395,2273,2,1,109042,0,0.43,14021,132744,0.1093,0.2821,1,80746.05,0.13,1,3,3/27/2015,6599.1,0,2,1,0.04,,
156,15679145,Chou,706,Spain,0,57,Male,1,3712,4916,9723,14775,70404,32918,1,1,17941,1,0.49,25252,136448,0.0817,0.2465,0,39374.89,0.06,0,3,11/07/2018,856.1,0.5,6,1,0.25,,
157,15655007,Li,758,France,1,33,Female,1,2722,2851,3495,4866,30403,19381,2,0,82996,0,0.08,33939,63718,0.1403,0.278,0,16827.98,0.03,0,6,9/30/2016,9828.6,0,4,0,0.57,,
158,15623595,Clayton,586,Spain,1,28,Female,0,4525,3711,16479,6115.4,67525,23718,2,1,92067,0,0.27,43912,122073.4,0.1597,0.2075,0,17253.94,0.06,1,6,08/09/2018,9019.6,0.2,5,1,0.04,,
159,15589975,Maclean,646,France,1,73,Female,2,2533,8953,11092,9645.72,67531,14026,1,0,104720,0,0.41,20020,113780.72,0.1651,0.2206,0,31399.28,0.1,1,5,4/30/2015,8897.8,0.12,1,1,0.22,,
160,15804017,Chigolum,631,Germany,1,33,Female,3,2501,7658,11771,5349.14,59475,13914,1,0,112688,0,0.44,20323,100668.14,0.0867,0.1687,1,101301.47,0.12,0,2,02/11/2018,6634.1,0.02,4,0,0.08,,
161,15692132,Wilkinson,717,Spain,1,22,Female,1,6899,4679,23523,3536,0,16880,1,0,84700,0,0.19,39061,95325,0.1407,0.447,1,30160.96,0.06,1,3,11/23/2017,6544.2,0,4,1,0.07,,
162,15641122,Wei,684,France,1,30,Male,1,6684,1458,12937,16012.74,34183,41240,2,1,83474,0,0.48,36438,112514.74,0.137,0.2202,1,45606.03,0.12,0,9,7/21/2016,5586.9,0.07,2,1,0.47,,
163,15630910,Treacy,800,France,0,49,Female,1,4750,5543,15873,3030,27444,23009,1,0,47125,0,0.15,0,79649,0.1341,0.3474,0,7927.29,0.04,0,10,4/15/2016,3055.2,0,1,1,0.26,,
164,15680772,Hu,721,Spain,1,36,Female,5,3275,2240,14191,7252,107931,4813,2,1,106978,0,0.5,29278,139702,0.0963,0.3264,0,98225.41,0.13,1,1,12/04/2017,2575.2,0,4,1,0.46,,
165,15658929,Taverner,683,Spain,0,29,Male,0,3104,2830,5576,11597.78,69369,19244,1,1,55583,1,0.09,14350,111720.78,0.1208,0.2685,0,31568.55,0.07,0,1,9/14/2017,5303.6,0.42,3,0,0.04,,
166,15585388,Sherman,660,Germany,1,31,Male,5,1513,6426,4807,23095.5,94676,7753,2,1,139874,0,0.46,26099,138270.5,0.1008,0.4066,0,43237.02,0.07,1,3,12/09/2015,5032.9,0.5,4,1,0.49,,
167,15724623,Taubman,704,Germany,1,24,Female,2,6248,3435,9522,10532.77,64907,9879,1,1,162503,1,0.05,25793,104523.77,0.1618,0.1374,1,7468.65,0.05,0,4,10/03/2017,7549.6,0.11,1,0,0.68,,
168,15588537,Robinson,615,Spain,1,41,Female,4,4799,2258,22500,9012,93737,9167,1,1,196500,0,0.44,24405,141473,0.1467,0.1914,1,44009.63,0.05,0,10,3/17/2017,7981.8,0,4,0,0.45,,
169,15574692,Pinto,667,Spain,0,39,Female,0,1022,4442,22622,7666,58770,36867,2,1,40721,1,0.03,34978,131389,0.1603,0.4061,1,15821.69,0.06,0,10,11/18/2018,1542.5,0,5,0,0.27,,
170,15611325,Wood,682,Germany,0,24,Male,1,4084,2743,14031,10619.24,50188,37673,2,0,53134,0,0.36,5197,119338.24,0.1491,0.3617,1,33266.64,0.11,0,2,08/01/2018,8626.2,0.22,2,1,0.05,,
171,15587562,Hawkins,484,France,1,29,Female,3,3664,4855,6824,8780,84450,20329,1,1,164018,0,0,35557,128902,0.0835,0.3864,0,35487.54,0.09,0,8,1/14/2015,2807.7,0,1,0,0.76,,
172,15613172,Sun,628,Germany,1,27,Male,4,3644,1480,7553,12402.64,99602,9854,2,1,155997,0,0.18,13442,134535.64,0.1407,0.2807,0,86492.1,0.13,0,4,3/13/2017,9257.3,0.08,2,1,0.47,,
173,15651022,Yost,480,Germany,0,44,Male,1,3256,8666,6587,20091.31,65139,23251,1,1,5473,1,0.35,41862,126990.31,0.1732,0.1985,0,69962.95,0.13,0,10,08/03/2016,4875.3,0.41,2,1,0.74,,
174,15586310,Ting,578,France,1,30,Male,3,3659,4537,8645,18156,77598,10895,1,1,112187,0,0.36,11651,123490,0.1699,0.2315,1,45195.1,0.12,0,7,03/07/2017,6925.1,0,1,0,0.54,,
175,15625524,Rowe,512,France,1,40,Male,4,1021,9970,6070,14481.42,86923,2590,2,1,146458,0,0.16,42798,121055.42,0.1226,0.3253,0,48807.17,0.07,1,8,03/09/2018,5526,0.26,6,1,0.62,,
176,15755209,Fu,484,Spain,0,35,Female,0,1336,9423,19133,11810.5,52486,40071,1,1,27286,0,0.47,41257,134259.5,0.0891,0.449,1,30557.85,0.05,1,5,07/05/2015,6549.6,0.5,1,1,0.72,,
177,15645248,Ho,510,France,1,30,Female,5,2772,4681,6196,4565.5,99739,3645,2,1,130553,0,0.26,36435,121598.5,0.1265,0.3098,0,59429.38,0.07,1,5,12/31/2015,5401.4,0.1,6,1,0.58,,
178,15790355,Okechukwu,606,Germany,1,36,Male,2,3127,9733,13144,17550.43,84865,23106,2,0,179352,0,0.31,8184,151525.43,0.0887,0.2541,1,85547.71,0.12,0,7,03/05/2016,4794.4,0.33,5,1,0.21,,
179,15762615,Campbell,597,Spain,1,40,Female,1,3323,9081,26912,6358,32704,17854,1,0,94774,0,0.03,0,96232,0.102,0.3352,1,24907.99,0.12,1,1,03/12/2015,8307.2,0,2,0,0.26,,
180,15625426,Ashbolt,754,Germany,0,55,Female,1,2062,5231,4053,7284,29792,9543,1,1,8081,1,0.48,7423,57965,0.1105,0.4328,0,92004.26,0.13,0,3,01/09/2016,3742.5,0,5,1,0.11,,
181,15716334,Rozier,850,Spain,0,45,Female,1,4390,2440,7817,10216.95,26321,27286,1,1,19483,0,0,36794,78470.95,0.1048,0.2748,0,19266.02,0.11,1,1,8/16/2016,2119.8,0.15,3,1,0.19,,
182,15789669,Hsia,510,France,0,65,Male,1,1622,3453,9981,9577.48,46407,20632,2,1,48072,0,0.14,0,91672.48,0.1484,0.232,1,43422.09,0.11,1,4,5/19/2017,3274.2,0.33,5,0,0.43,,
183,15621075,Ogbonnaya,778,Germany,1,45,Female,5,3037,4453,6570,8350.2,88635,5556,2,1,174531,0,0.31,20486,116601.2,0.094,0.3089,0,37117.62,0.04,0,3,11/11/2015,5384,0.08,5,0,0.26,,
184,15810845,T'ang,636,France,0,42,Male,0,4157,2336,8964,13602.58,42089,38233,2,1,55471,0,0.34,27931,109381.58,0.127,0.423,0,91762.42,0.12,1,3,03/01/2019,5596.6,0.26,1,0,0.27,,
185,15719377,Cocci,804,France,0,50,Female,0,3576,4367,19937,8655.3,77088,30434,1,1,8547,1,0.47,18445,144057.3,0.1442,0.2834,1,39441.27,0.05,1,2,05/01/2018,626.8,0.23,6,0,0.09,,
186,15654506,Chang,514,France,1,32,Male,0,1401,6984,16617,18932,33959,35204,2,1,95857,0,0.2,0,113097,0.1768,0.3822,1,66484.95,0.12,0,3,6/22/2017,4538.1,0,3,1,0.67,,
187,15771977,T'ao,730,France,1,39,Female,2,3207,4426,12406,5266.3,102645,13916,1,1,194946,0,0.4,20143,141866.3,0.1112,0.1095,1,59312.18,0.11,0,7,02/02/2015,8365.1,0.34,2,1,0.76,,
188,15708710,Ford,525,Spain,1,37,Female,5,1936,3001,19143,8056,88493,7634,1,0,131522,0,0.19,0,128263,0.082,0.1261,1,19725.59,0.06,1,4,5/23/2015,713.5,0,2,1,0.38,,
189,15726676,Marshall,616,Spain,1,30,Male,5,6512,4708,1365,12921.74,91638,7863,2,0,196109,0,0.42,30535,125007.74,0.1197,0.2515,0,39458.02,0.05,1,4,6/25/2016,6283.5,0.02,5,0,0.12,,
190,15587421,Tsai,687,Germany,1,34,Female,2,4827,4398,15396,9373.96,106364,21978,2,1,148565,0,0.41,43167,162336.96,0.1001,0.1215,0,19134.77,0.09,0,10,11/07/2016,467.8,0.32,4,1,0.73,,
191,15726931,Onwumelu,715,France,1,41,Female,0,1036,8276,9858,9509,47467,28897,2,0,92983,1,0.11,37696,105043,0.1388,0.12,0,44445.94,0.11,0,2,2/20/2015,8760.7,0,2,1,0.1,,
192,15771086,Graham,512,France,0,36,Female,0,1542,2004,5140,10925.2,70090,14902,2,1,17675,0,0.1,37112,104603.2,0.1423,0.2982,0,50271.4,0.09,0,7,6/19/2017,7004.7,0.36,5,1,0.43,,
193,15756850,Golovanov,479,France,1,40,Male,3,3300,8872,9114,18283.26,54035,12473,2,0,114996,0,0.35,1177,106077.26,0.1199,0.4002,1,49009.64,0.09,0,10,6/24/2015,6420,0.41,4,1,0.48,,
194,15702741,Potts,601,France,1,32,Male,0,2591,6794,5790,18403.5,71451,37880,1,1,86957,0,0.11,24153,142909.5,0.1063,0.2593,0,76785.72,0.1,0,1,12/21/2016,6389.8,0.5,4,1,0.48,,
195,15679200,Crawford,580,Spain,1,29,Male,5,2117,4950,15169,12540.54,100188,6091,2,1,128078,0,0.11,3298,141055.54,0.1025,0.2227,1,44809.02,0.08,0,5,7/27/2016,4692.4,0.38,4,1,0.1,,
196,15594815,Aleshire,807,France,0,35,Male,0,2404,6407,5666,12795.48,28783,35646,1,1,600,0,0.15,0,91701.48,0.1533,0.1177,0,67543.43,0.07,1,6,3/29/2017,6687,0.29,4,1,0.46,,
197,15635905,Moran,616,Spain,0,32,Female,1,4608,3918,16289,7599.88,42620,19109,2,1,43001,0,0.02,28921,94143.88,0.1597,0.2744,0,55234.83,0.1,1,5,9/21/2018,983.9,0.36,4,1,0.76,,
198,15777892,Samsonova,721,Germany,1,37,Male,5,4757,2378,12202,9885,84015,3657,1,1,158591,0,0.46,39482,116894,0.1664,0.2293,1,15676.93,0.03,1,10,04/09/2018,3409.4,0,2,1,0.63,,
199,15656176,Jenkins,501,France,0,57,Male,1,1665,6268,11950,13614,32018,30562,2,1,47847,0,0.31,39447,96077,0.1291,0.4557,1,60478.02,0.07,1,8,08/11/2015,5118.1,0,1,1,0.18,,